{
  "train_loss": [
    1.0716404471731047,
    0.587343694256624,
    0.4528589506712321,
    0.3723023481254327,
    0.30982362550653453,
    0.26161394472459315,
    0.2396851049480911,
    0.2015346539567928,
    0.1779056375428122,
    0.15259359142696893,
    0.14306401825203144,
    0.12512511676910493,
    0.10902061319907275,
    0.10077826951904652,
    0.09174222498046065,
    0.0767291390470096,
    0.07003378452401901,
    0.06647397594053961,
    0.06014811214732967,
    0.05598414490004844,
    0.052435507350289005,
    0.047493976730929345,
    0.047376446257570745,
    0.0441730284354712,
    0.03929367101189216,
    0.03596432986547057,
    0.03513895853153775,
    0.03380404211887574,
    0.030537126929317288,
    0.029252244870289726,
    0.02911367332128368,
    0.02795651211347648,
    0.02629922817660762,
    0.0252634810294641,
    0.02325747302005681,
    0.024172720768483515,
    0.024016189548450334,
    0.025204781219553277
  ],
  "train_acc": [
    0.3705611523909377,
    0.569084195651183,
    0.6436613939918858,
    0.6896111592287004,
    0.7299995441491544,
    0.7642795277385239,
    0.7806901581802435,
    0.8064001458722706,
    0.825409126133929,
    0.8433240643661394,
    0.84751789214569,
    0.8678488398595979,
    0.8811596845512149,
    0.8892282445183936,
    0.8957924966950813,
    0.9108355745999909,
    0.9141632857728951,
    0.9213657291334275,
    0.9260154077585814,
    0.9323061494279072,
    0.9339016273875188,
    0.936545562292018,
    0.9382322104207503,
    0.9425627934539819,
    0.9460272598805671,
    0.9498564069836349,
    0.9505857683366002,
    0.9527282673109359,
    0.9562383188220814,
    0.957150020513288,
    0.9597027852486666,
    0.9606600720244336,
    0.9616173588002006,
    0.9635319323517345,
    0.9648994848885445,
    0.9655376760723892,
    0.9654465059032684,
    0.9621187947303642
  ],
  "val_metrics": [
    {
      "loss": 0.6952891558408737,
      "accuracy": 0.3323758719737382,
      "balanced_accuracy": 0.382816535686159,
      "f1_weighted": 0.3732540976531617,
      "f1_macro": 0.26339869322395093,
      "auc_macro": 0.0
    },
    {
      "loss": 0.5424716405570507,
      "accuracy": 0.4353713582273287,
      "balanced_accuracy": 0.46821088383606285,
      "f1_weighted": 0.4737095153418384,
      "f1_macro": 0.3501472485090692,
      "auc_macro": 0.0
    },
    {
      "loss": 0.47851200625300405,
      "accuracy": 0.4969224456298728,
      "balanced_accuracy": 0.498992200076685,
      "f1_weighted": 0.5288270754773704,
      "f1_macro": 0.4010405833556243,
      "auc_macro": 0.0
    },
    {
      "loss": 0.43248938843607904,
      "accuracy": 0.5391875256462865,
      "balanced_accuracy": 0.5437316561146186,
      "f1_weighted": 0.5685733025816926,
      "f1_macro": 0.44367359226137254,
      "auc_macro": 0.0
    },
    {
      "loss": 0.42422184757888315,
      "accuracy": 0.5215428805908905,
      "balanced_accuracy": 0.5731949656912864,
      "f1_weighted": 0.5480092870031836,
      "f1_macro": 0.45218713270256533,
      "auc_macro": 0.0
    },
    {
      "loss": 0.38150072246789934,
      "accuracy": 0.574887156339762,
      "balanced_accuracy": 0.5922195965294048,
      "f1_weighted": 0.5958401041648274,
      "f1_macro": 0.4960653375164591,
      "auc_macro": 0.0
    },
    {
      "loss": 0.39133781790733335,
      "accuracy": 0.5810422650800164,
      "balanced_accuracy": 0.6154637785849308,
      "f1_weighted": 0.6110617744022153,
      "f1_macro": 0.5123024711478079,
      "auc_macro": 0.0
    },
    {
      "loss": 0.37118254154920577,
      "accuracy": 0.5703734099302421,
      "balanced_accuracy": 0.6296637574875432,
      "f1_weighted": 0.5954118316549941,
      "f1_macro": 0.5324728466085632,
      "auc_macro": 0.0
    },
    {
      "loss": 0.3420012455433607,
      "accuracy": 0.5835043085761181,
      "balanced_accuracy": 0.63086534131062,
      "f1_weighted": 0.6064362798719851,
      "f1_macro": 0.541992017180695,
      "auc_macro": 0.0
    },
    {
      "loss": 0.34507436901330946,
      "accuracy": 0.6052523594583504,
      "balanced_accuracy": 0.6490351095539801,
      "f1_weighted": 0.6291286065073256,
      "f1_macro": 0.5799035480966276,
      "auc_macro": 0.0
    },
    {
      "loss": 0.32735253125429153,
      "accuracy": 0.6405416495691424,
      "balanced_accuracy": 0.6749856002655152,
      "f1_weighted": 0.6571081794584589,
      "f1_macro": 0.5937633183681741,
      "auc_macro": 0.0
    },
    {
      "loss": 0.31744148172438147,
      "accuracy": 0.6339762002462044,
      "balanced_accuracy": 0.6574095100811663,
      "f1_weighted": 0.6482169655693506,
      "f1_macro": 0.6104236683725826,
      "auc_macro": 0.0
    },
    {
      "loss": 0.3134066447615623,
      "accuracy": 0.6557242511284366,
      "balanced_accuracy": 0.6819243565018723,
      "f1_weighted": 0.6742391245710252,
      "f1_macro": 0.6263822095926908,
      "auc_macro": 0.0
    },
    {
      "loss": 0.31576785892248155,
      "accuracy": 0.6368485843249897,
      "balanced_accuracy": 0.6831724539412938,
      "f1_weighted": 0.657793326433573,
      "f1_macro": 0.6146330157677815,
      "auc_macro": 0.0
    },
    {
      "loss": 0.31973460614681243,
      "accuracy": 0.6393106278210915,
      "balanced_accuracy": 0.6694774695692706,
      "f1_weighted": 0.6547691600787918,
      "f1_macro": 0.6220276542630443,
      "auc_macro": 0.0
    },
    {
      "loss": 0.3019482813775539,
      "accuracy": 0.6643414033647927,
      "balanced_accuracy": 0.6717783411653351,
      "f1_weighted": 0.6782735184236387,
      "f1_macro": 0.6370848565163176,
      "auc_macro": 0.0
    },
    {
      "loss": 0.3109333448112011,
      "accuracy": 0.6618793598686911,
      "balanced_accuracy": 0.6927589371639268,
      "f1_weighted": 0.6749605592399424,
      "f1_macro": 0.6402602890279574,
      "auc_macro": 0.0
    },
    {
      "loss": 0.3033916372805834,
      "accuracy": 0.6823963890028724,
      "balanced_accuracy": 0.6879075711984796,
      "f1_weighted": 0.6958164525233574,
      "f1_macro": 0.6417213085742803,
      "auc_macro": 0.0
    },
    {
      "loss": 0.2953986082226038,
      "accuracy": 0.6704965121050472,
      "balanced_accuracy": 0.6892501158093005,
      "f1_weighted": 0.6846804382097081,
      "f1_macro": 0.6477502130595828,
      "auc_macro": 0.0
    },
    {
      "loss": 0.3004735678434372,
      "accuracy": 0.6934755847353303,
      "balanced_accuracy": 0.6861196785310167,
      "f1_weighted": 0.7037533532836302,
      "f1_macro": 0.6473425420246586,
      "auc_macro": 0.0
    },
    {
      "loss": 0.2845422774553299,
      "accuracy": 0.693885925318014,
      "balanced_accuracy": 0.6711045762762926,
      "f1_weighted": 0.7034655359617713,
      "f1_macro": 0.6450916106886035,
      "auc_macro": 0.0
    },
    {
      "loss": 0.2940603455528617,
      "accuracy": 0.679524004924087,
      "balanced_accuracy": 0.684020127286158,
      "f1_weighted": 0.6923212961383368,
      "f1_macro": 0.6516534578726112,
      "auc_macro": 0.0
    },
    {
      "loss": 0.3007409550249577,
      "accuracy": 0.6692654903569963,
      "balanced_accuracy": 0.690346187724096,
      "f1_weighted": 0.6804704882075332,
      "f1_macro": 0.646043999337748,
      "auc_macro": 0.0
    },
    {
      "loss": 0.28529446143656967,
      "accuracy": 0.7094788674599918,
      "balanced_accuracy": 0.7058378941663173,
      "f1_weighted": 0.7196753150924553,
      "f1_macro": 0.6654550659817859,
      "auc_macro": 0.0
    },
    {
      "loss": 0.2921421888284385,
      "accuracy": 0.6807550266721378,
      "balanced_accuracy": 0.6991641669756158,
      "f1_weighted": 0.690330288181044,
      "f1_macro": 0.6592192975797557,
      "auc_macro": 0.0
    },
    {
      "loss": 0.29588393969461324,
      "accuracy": 0.6844480919162905,
      "balanced_accuracy": 0.7120847920548657,
      "f1_weighted": 0.6965476664872597,
      "f1_macro": 0.6642928211389502,