{
  "train_loss": [
    0.40378434194546686,
    0.20505890063805718,
    0.16445960529126857,
    0.134442936367377,
    0.11719364731429341,
    0.09920331724057634,
    0.09052800284470357,
    0.07678704591088353,
    0.07463136196919477,
    0.0690032352196169,
    0.0641756759053539,
    0.05791127480929006,
    0.051837176745113865,
    0.052383058427716095,
    0.04489507233996775,
    0.043583349979394836,
    0.03786820808726172,
    0.03667667748666237,
    0.03373410269435468,
    0.030686360846498513,
    0.02828544973778436,
    0.02541679377417874,
    0.024729954196765328,
    0.020260384263484813,
    0.02059052846527099,
    0.01863326742252134,
    0.014807323062184264,
    0.01624453996778786,
    0.013648757783795007,
    0.01210105453051271,
    0.010419916002223832
  ],
  "train_acc": [
    0.6644026074668369,
    0.8007931804713497,
    0.8320645484797374,
    0.8604184710762638,
    0.8693987327346492,
    0.8855358526690067,
    0.8933764872133838,
    0.9051830241145097,
    0.90796371427269,
    0.9175365820303597,
    0.9183571135524456,
    0.9269271094497881,
    0.9337192870492774,
    0.9344486484022427,
    0.9428363039613439,
    0.9457537493732051,
    0.9493549710534713,
    0.9499019920681953,
    0.9527282673109359,
    0.9576514564434517,
    0.959748370333227,
    0.9623011350686056,
    0.9643524638738205,
    0.9677713452158454,
    0.9697770889364999,
    0.9714181519806719,
    0.9750193736609382,
    0.9747914482381365,
    0.9769795322970324,
    0.9796234672015317,
    0.9813101153302639
  ],
  "val_metrics": [
    {
      "loss": 0.4244940963077855,
      "accuracy": 0.4907673368896184,
      "balanced_accuracy": 0.6460534501543719,
      "f1_weighted": 0.5340539117399341,
      "f1_macro": 0.5051361968628517,
      "auc_macro": 0.0
    },
    {
      "loss": 0.3227469410215105,
      "accuracy": 0.6274107509232663,
      "balanced_accuracy": 0.6852878310939635,
      "f1_weighted": 0.6549974797885628,
      "f1_macro": 0.6098458383133234,
      "auc_macro": 0.0
    },
    {
      "loss": 0.33542034997568504,
      "accuracy": 0.5863766926549036,
      "balanced_accuracy": 0.7022529880521771,
      "f1_weighted": 0.6077747676007674,
      "f1_macro": 0.5608164133424047,
      "auc_macro": 0.0
    },
    {
      "loss": 0.3080043448740012,
      "accuracy": 0.6581862946245384,
      "balanced_accuracy": 0.7195765044754363,
      "f1_weighted": 0.6840879314023111,
      "f1_macro": 0.6407154690093289,
      "auc_macro": 0.0
    },
    {
      "loss": 0.312699400565841,
      "accuracy": 0.5761181780878128,
      "balanced_accuracy": 0.6963064305793873,
      "f1_weighted": 0.5929597278643108,
      "f1_macro": 0.54643690918402,
      "auc_macro": 0.0
    },
    {
      "loss": 0.25532753194694396,
      "accuracy": 0.6442347148132951,
      "balanced_accuracy": 0.7009010350866871,
      "f1_weighted": 0.6564215273510094,
      "f1_macro": 0.6624152797681999,
      "auc_macro": 0.0
    },
    {
      "loss": 0.2744902503471096,
      "accuracy": 0.6610586787033238,
      "balanced_accuracy": 0.7351030953426796,
      "f1_weighted": 0.6849644014784109,
      "f1_macro": 0.6510115565580614,
      "auc_macro": 0.0
    },
    {
      "loss": 0.2939509406879351,
      "accuracy": 0.6294624538366844,
      "balanced_accuracy": 0.7265859513491598,
      "f1_weighted": 0.6491322356059192,
      "f1_macro": 0.6455670440639378,
      "auc_macro": 0.0
    },
    {
      "loss": 0.24904879748627737,
      "accuracy": 0.6975789905621665,
      "balanced_accuracy": 0.7302389867672145,
      "f1_weighted": 0.7054164082642213,
      "f1_macro": 0.6581371001510891,
      "auc_macro": 0.0
    },
    {
      "loss": 0.31484131892393163,
      "accuracy": 0.6261797291752155,
      "balanced_accuracy": 0.7312907328806562,
      "f1_weighted": 0.6487627389685287,
      "f1_macro": 0.6252597820109116,
      "auc_macro": 0.0
    },
    {
      "loss": 0.2399562569456054,
      "accuracy": 0.7267131719327041,
      "balanced_accuracy": 0.7546327890366965,
      "f1_weighted": 0.7345889178071865,
      "f1_macro": 0.6971853801139997,
      "auc_macro": 0.0
    },
    {
      "loss": 0.2628846438480662,
      "accuracy": 0.6434140336479278,
      "balanced_accuracy": 0.7268429853976335,
      "f1_weighted": 0.6624130333230424,
      "f1_macro": 0.6529619886155756,
      "auc_macro": 0.0
    },
    {
      "loss": 0.26049515747695,
      "accuracy": 0.7172753385309807,
      "balanced_accuracy": 0.7449822250753158,
      "f1_weighted": 0.7248126091482334,
      "f1_macro": 0.6478502644482227,
      "auc_macro": 0.0
    },
    {
      "loss": 0.23617745323904923,
      "accuracy": 0.7775954041854739,
      "balanced_accuracy": 0.753780673974241,
      "f1_weighted": 0.778264437878716,
      "f1_macro": 0.7184359478385207,
      "auc_macro": 0.0
    },
    {
      "loss": 0.22978620799621205,
      "accuracy": 0.7094788674599918,
      "balanced_accuracy": 0.769022406757371,
      "f1_weighted": 0.7186017918162523,
      "f1_macro": 0.7242774732642188,
      "auc_macro": 0.0
    },
    {
      "loss": 0.28112212694310523,
      "accuracy": 0.7008617152236356,
      "balanced_accuracy": 0.7618615988241766,
      "f1_weighted": 0.7131214650733738,
      "f1_macro": 0.6851376938420755,
      "auc_macro": 0.0
    },
    {
      "loss": 0.23066122747667425,
      "accuracy": 0.6897825194911776,
      "balanced_accuracy": 0.7624935321806909,
      "f1_weighted": 0.6981423847049543,
      "f1_macro": 0.6888223488319682,
      "auc_macro": 0.0
    },
    {
      "loss": 0.2490074189452382,
      "accuracy": 0.6942962659006976,
      "balanced_accuracy": 0.7665237401528342,
      "f1_weighted": 0.7065751768686036,
      "f1_macro": 0.7006656642806033,
      "auc_macro": 0.0
    },
    {
      "loss": 0.28306277091433474,
      "accuracy": 0.6988100123102174,
      "balanced_accuracy": 0.7526476682385354,
      "f1_weighted": 0.7188901690550362,
      "f1_macro": 0.6908274786006392,
      "auc_macro": 0.0
    },
    {
      "loss": 0.2191112008816623,
      "accuracy": 0.7435371358227328,
      "balanced_accuracy": 0.7720358780145617,
      "f1_weighted": 0.7538315613218398,
      "f1_macro": 0.7504243100608423,
      "auc_macro": 0.0
    },
    {
      "loss": 0.21409125125350117,
      "accuracy": 0.7443578169881001,
      "balanced_accuracy": 0.7925186112011582,
      "f1_weighted": 0.7526381570393152,
      "f1_macro": 0.7327586606753471,
      "auc_macro": 0.0
    },
    {
      "loss": 0.2720428659495982,
      "accuracy": 0.7291752154288059,
      "balanced_accuracy": 0.74951005223822,
      "f1_weighted": 0.7375651856924793,
      "f1_macro": 0.7064123554324615,
      "auc_macro": 0.0
    },
    {
      "loss": 0.23550738699056886,
      "accuracy": 0.7016823963890029,
      "balanced_accuracy": 0.7846219068982825,
      "f1_weighted": 0.7116384745404145,
      "f1_macro": 0.7359121906200423,
      "auc_macro": 0.0
    },
    {
      "loss": 0.2233322902352779,
      "accuracy": 0.7324579400902749,
      "balanced_accuracy": 0.7739172437207713,
      "f1_weighted": 0.7384629467857745,
      "f1_macro": 0.7288026745265833,
      "auc_macro": 0.0
    },
    {
      "loss": 0.2340936990478983,
      "accuracy": 0.7620024620434961,
      "balanced_accuracy": 0.7604151725693968,
      "f1_weighted": 0.7686915309433193,
      "f1_macro": 0.7264784126990255,
      "auc_macro": 0.0
    },
    {
      "loss": 0.21377052240944527,
      "accuracy": 0.7492819039803037,
      "balanced_accuracy": 0.7868313733083689,
      "f1_weighted": 0.7576697717914138,
      "f1_macro": 0.7522147121749814,
      "auc_macro": 0.0
    },
    {
      "loss": 0.23698758551633203,
      "accuracy": 0.7509232663110381,
      "balanced_accuracy": 0.7830378080157712,
      "f1_weighted": 0.757083831307686,
      "f1_macro": 0.7648954219695487,
      "auc_macro": 0.0
    },
    {
      "loss": 0.20980039442127402,
      "accuracy": 0.7316372589249077,