{
  "train_loss": [
    0.7639382473592248,
    0.4529875745676436,
    0.3777023190678282,
    0.3282986464185811,
    0.29210339550406783,
    0.2586768024055282,
    0.24768387291406666,
    0.21953632253615005,
    0.1946669234912247,
    0.17997332910352834,
    0.16395405923225442,
    0.1541860367201334,
    0.13513443495181549,
    0.1289661962440395,
    0.11672368682241914,
    0.10770361683969586,
    0.09746156290544158,
    0.09507377383956087,
    0.08175356636454202,
    0.07719005874178064,
    0.06889073629849984,
    0.06489710634092002,
    0.06005703043961373,
    0.05291289385806665,
    0.05196118816972343,
    0.04598795928399408,
    0.04041156009142503,
    0.037944283574338586,
    0.033256454260554055,
    0.03255751393039414,
    0.026315776648884383,
    0.025244765660791493,
    0.023485695833205058,
    0.01943906541306058,
    0.017672409881675313,
    0.016571068481073092,
    0.017423783864416138,
    0.01287431244010873,
    0.011477814828283967,
    0.010944323571978247,
    0.01019969367338816,
    0.00875481488262178,
    0.008764829595027704,
    0.007398244519659154,
    0.0068158700355572975
  ],
  "train_acc": [
    0.4465514883530109,
    0.6230113506860555,
    0.6711491999817659,
    0.7048821625564116,
    0.7317773624470073,
    0.7589460728449652,
    0.7598121894516114,
    0.7795961161507955,
    0.7992432875962985,
    0.8100013675525368,
    0.8209873729315768,
    0.833933536946711,
    0.846560605369923,
    0.8539453890686968,
    0.8631991612344441,
    0.873774900852441,
    0.8809773442129735,
    0.8843506404704381,
    0.8927382960295391,
    0.9038154715776998,
    0.9054565346218717,
    0.9156220084788257,
    0.9191776450745316,
    0.9247390253908921,
    0.9295710443542873,
    0.9352691799243288,
    0.9424260382003009,
    0.9461184300496878,
    0.9513607147741259,
    0.9506769385057209,
    0.9596572001641063,
    0.9589734238957013,
    0.9626202306605278,
    0.9662670374253545,
    0.968956557414414,
    0.9720563431645166,
    0.9725121940101199,
    0.9756119797602224,
    0.977754478734558,
    0.9788941058485664,
    0.9817659661758673,
    0.9824497424442722,
    0.9828144231207548,
    0.9838172949810822,
    0.9841819756575648
  ],
  "val_metrics": [
    {
      "loss": 0.5823967139442245,
      "accuracy": 0.3906442347148133,
      "balanced_accuracy": 0.4872370316701138,
      "f1_weighted": 0.40367130803337953,
      "f1_macro": 0.2972940164773221,
      "auc_macro": 0.0
    },
    {
      "loss": 0.4825372581745123,
      "accuracy": 0.4718916700861715,
      "balanced_accuracy": 0.5526215880948941,
      "f1_weighted": 0.49492340127273526,
      "f1_macro": 0.41333285961158744,
      "auc_macro": 0.0
    },
    {
      "loss": 0.53309119831432,
      "accuracy": 0.4809191629052113,
      "balanced_accuracy": 0.5359110079037432,
      "f1_weighted": 0.5313949434024648,
      "f1_macro": 0.36406645835848805,
      "auc_macro": 0.0
    },
    {
      "loss": 0.4948213611330305,
      "accuracy": 0.39146491588018056,
      "balanced_accuracy": 0.5340047385266521,
      "f1_weighted": 0.3954180355537564,
      "f1_macro": 0.386090530916803,
      "auc_macro": 0.0
    },
    {
      "loss": 0.4402819791591013,
      "accuracy": 0.5564218301189988,
      "balanced_accuracy": 0.5765839251376038,
      "f1_weighted": 0.5893022971729496,
      "f1_macro": 0.4376349328610587,
      "auc_macro": 0.0
    },
    {
      "loss": 0.4861520106916304,
      "accuracy": 0.5420599097250718,
      "balanced_accuracy": 0.5837529995724141,
      "f1_weighted": 0.5786667421924284,
      "f1_macro": 0.4166484567643949,
      "auc_macro": 0.0
    },
    {
      "loss": 0.4075001742352139,
      "accuracy": 0.536315141567501,
      "balanced_accuracy": 0.5959774479750289,
      "f1_weighted": 0.5735802568979697,
      "f1_macro": 0.445067617015914,
      "auc_macro": 0.0
    },
    {
      "loss": 0.40671802166994514,
      "accuracy": 0.5904800984817399,
      "balanced_accuracy": 0.6196949742538875,
      "f1_weighted": 0.6147895556684237,
      "f1_macro": 0.4674124029964854,
      "auc_macro": 0.0
    },
    {
      "loss": 0.40526584081061473,
      "accuracy": 0.47517439474764056,
      "balanced_accuracy": 0.5937232698079065,
      "f1_weighted": 0.48334573662937924,
      "f1_macro": 0.47742261914986417,
      "auc_macro": 0.0
    },
    {
      "loss": 0.3788330198882462,
      "accuracy": 0.5584735330324169,
      "balanced_accuracy": 0.6381828894770183,
      "f1_weighted": 0.5818513669618707,
      "f1_macro": 0.4942868666406673,
      "auc_macro": 0.0
    },
    {
      "loss": 0.45045729533031387,
      "accuracy": 0.5030775543701272,
      "balanced_accuracy": 0.6097958859301025,
      "f1_weighted": 0.5296629585146282,
      "f1_macro": 0.4605344824160185,
      "auc_macro": 0.0
    },
    {
      "loss": 0.3630833573542632,
      "accuracy": 0.5896594173163726,
      "balanced_accuracy": 0.6312189686155802,
      "f1_weighted": 0.6108010322324752,
      "f1_macro": 0.530962890841354,
      "auc_macro": 0.0
    },
    {
      "loss": 0.3816887562151079,
      "accuracy": 0.6081247435371359,
      "balanced_accuracy": 0.6522752847699071,
      "f1_weighted": 0.628711172779565,
      "f1_macro": 0.5160073407895532,
      "auc_macro": 0.0
    },
    {
      "loss": 0.36570217382985276,
      "accuracy": 0.5720147722609766,
      "balanced_accuracy": 0.6402075379666379,
      "f1_weighted": 0.6009320820889554,
      "f1_macro": 0.5523880196154392,
      "auc_macro": 0.0
    },
    {
      "loss": 0.3786478407390706,
      "accuracy": 0.6175625769388593,
      "balanced_accuracy": 0.6282027832233794,
      "f1_weighted": 0.6294938544495692,
      "f1_macro": 0.5254210094961055,
      "auc_macro": 0.0
    },
    {
      "loss": 0.37998937060693644,
      "accuracy": 0.5592942141977841,
      "balanced_accuracy": 0.6117793926326613,
      "f1_weighted": 0.5866154568667216,
      "f1_macro": 0.5325253055126978,
      "auc_macro": 0.0
    },
    {
      "loss": 0.40139949379803297,
      "accuracy": 0.5391875256462865,
      "balanced_accuracy": 0.602676087453651,
      "f1_weighted": 0.5578553904333182,
      "f1_macro": 0.5325309548527508,
      "auc_macro": 0.0
    },
    {
      "loss": 0.35794126842316093,
      "accuracy": 0.5687320475995076,
      "balanced_accuracy": 0.6322389665762231,
      "f1_weighted": 0.5951399782137091,
      "f1_macro": 0.5311431910094516,
      "auc_macro": 0.0
    },
    {
      "loss": 0.3347620719245502,
      "accuracy": 0.6192039392695937,
      "balanced_accuracy": 0.6662007289472627,
      "f1_weighted": 0.6399814985794671,
      "f1_macro": 0.590682529967545,
      "auc_macro": 0.0
    },
    {
      "loss": 0.3682064324036821,
      "accuracy": 0.5732457940090275,
      "balanced_accuracy": 0.6403066996042073,
      "f1_weighted": 0.5978132875112266,
      "f1_macro": 0.5322064577133697,
      "auc_macro": 0.0
    },
    {
      "loss": 0.34119197881066954,
      "accuracy": 0.6421830118998769,
      "balanced_accuracy": 0.6537621076665889,
      "f1_weighted": 0.6633536333638074,
      "f1_macro": 0.6059982807812225,
      "auc_macro": 0.0
    },
    {
      "loss": 0.34201966855046034,
      "accuracy": 0.5830939679934346,
      "balanced_accuracy": 0.6761086923390889,
      "f1_weighted": 0.6044765897433169,
      "f1_macro": 0.5801939232811544,
      "auc_macro": 0.0
    },
    {
      "loss": 0.32967138077531544,
      "accuracy": 0.6216659827656955,
      "balanced_accuracy": 0.6898352008930422,
      "f1_weighted": 0.6337814550120202,
      "f1_macro": 0.6086312414259469,
      "auc_macro": 0.0
    },
    {
      "loss": 0.3544270007738045,
      "accuracy": 0.6105867870332375,
      "balanced_accuracy": 0.6699188350747733,
      "f1_weighted": 0.6274541574737893,
      "f1_macro": 0.6085576444581204,
      "auc_macro": 0.0
    },
    {
      "loss": 0.32911335217294757,
      "accuracy": 0.6294624538366844,