{
  "train_loss": [
    0.41486774849481906,
    0.20820815322335123,
    0.1597001429944062,
    0.1280413696030019,
    0.11200334880681725,
    0.09973453421670099,
    0.08746330500506497,
    0.08186320903426393,
    0.07765935971937431,
    0.0651626285029221,
    0.060610027105277804,
    0.05697519228466597,
    0.052129533120373814,
    0.049054449643347105,
    0.04242337358646063,
    0.04273371252710611,
    0.03574982514401412,
    0.03589877558667393,
    0.03205542210242097,
    0.02906643724430186,
    0.02760469211299553,
    0.024912907855884875,
    0.021971847913670635,
    0.02078142099088671,
    0.02039588012101948,
    0.016133604994576126,
    0.017009835237506456,
    0.013512378081439763,
    0.013579183114556801,
    0.012719398880067113,
    0.010498330316297563,
    0.009364547084356105,
    0.009297891709571494,
    0.006575996652029365,
    0.007018349860519845,
    0.006706013939747655,
    0.00563601391099997,
    0.004241309365048514,
    0.00555536513581219,
    0.0037652325186969225,
    0.003565977693138111,
    0.003777582017962792,
    0.00273438339360528,
    0.0029827572451868465,
    0.0024531623159336747,
    0.0025346516413787728,
    0.002925383946934972,
    0.0030180644630981735,
    0.002767338091190583,
    0.002460219422347713
  ],
  "train_acc": [
    0.6577315827862874,
    0.799006199854121,
    0.8350656455142232,
    0.861551787016776,
    0.8736779722830051,
    0.887718818380744,
    0.899662654996353,
    0.900665572574763,
    0.9090080233406272,
    0.9205415754923414,
    0.9238238512035011,
    0.9290663749088257,
    0.9318927789934355,
    0.93713530269876,
    0.9440189642596645,
    0.9421498905908097,
    0.950583515681984,
    0.9528172866520788,
    0.9545495988329686,
    0.9567377826404084,
    0.9601568198395332,
    0.9645787746170679,
    0.9657640408460978,
    0.9681345733041575,
    0.9680889861415025,
    0.974653537563822,
    0.9738329686360321,
    0.9777990517870168,
    0.9769328956965718,
    0.9794857768052516,
    0.9798504741064916,
    0.9828592268417213,
    0.9807622173595916,
    0.9858679795769512,
    0.9854121079504011,
    0.9867797228300511,
    0.988420860685631,
    0.9894237782640408,
    0.9886943836615609,
    0.9897884755652808,
    0.9897428884026258,
    0.9901987600291758,
    0.9929339897884756,
    0.9914296134208607,
    0.9916119620714807,
    0.9922957695113056,
    0.9911105032822757,
    0.9920222465353756,
    0.9914752005835157,
    0.9924781181619255
  ],
  "val_metrics": [
    {
      "loss": 0.33438179448440475,
      "accuracy": 0.5356849876948319,
      "balanced_accuracy": 0.6568896047840815,
      "f1_weighted": 0.5303952443653465,
      "f1_macro": 0.524625305747793,
      "auc_macro": 0.0
    },
    {
      "loss": 0.3551534746180881,
      "accuracy": 0.6743232157506153,
      "balanced_accuracy": 0.6949639549169615,
      "f1_weighted": 0.6929618948833843,
      "f1_macro": 0.5427810124983805,
      "auc_macro": 0.0
    },
    {
      "loss": 0.26527290394553893,
      "accuracy": 0.7054963084495488,
      "balanced_accuracy": 0.7166587982671858,
      "f1_weighted": 0.7184742904962701,
      "f1_macro": 0.6471738071378205,
      "auc_macro": 0.0
    },
    {
      "loss": 0.3060784292492,
      "accuracy": 0.6722723543888434,
      "balanced_accuracy": 0.6735135386354677,
      "f1_weighted": 0.6878095910653566,
      "f1_macro": 0.6254896426950645,
      "auc_macro": 0.0
    },
    {
      "loss": 0.2958264694391907,
      "accuracy": 0.6148482362592289,
      "balanced_accuracy": 0.6755042292716822,
      "f1_weighted": 0.622550747602226,
      "f1_macro": 0.6220421324082046,
      "auc_macro": 0.0
    },
    {
      "loss": 0.37089535071478263,
      "accuracy": 0.5968006562756357,
      "balanced_accuracy": 0.7026004557834721,
      "f1_weighted": 0.6191974961441374,
      "f1_macro": 0.6055811262826336,
      "auc_macro": 0.0
    },
    {
      "loss": 0.33876786255217217,
      "accuracy": 0.551681706316653,
      "balanced_accuracy": 0.6372678288917044,
      "f1_weighted": 0.5582558389032816,
      "f1_macro": 0.5735756669551516,
      "auc_macro": 0.0
    },
    {
      "loss": 0.2605580095346872,
      "accuracy": 0.6312551271534045,
      "balanced_accuracy": 0.7322356647861699,
      "f1_weighted": 0.6432973339109859,
      "f1_macro": 0.6510141196193255,
      "auc_macro": 0.0
    },
    {
      "loss": 0.2419847756527461,
      "accuracy": 0.6837571780147662,
      "balanced_accuracy": 0.7542137411964158,
      "f1_weighted": 0.6977834770462338,
      "f1_macro": 0.6647685936044636,
      "auc_macro": 0.0
    },
    {
      "loss": 0.2507241405062861,
      "accuracy": 0.699343724364233,
      "balanced_accuracy": 0.7550720211358848,
      "f1_weighted": 0.7105791956689507,
      "f1_macro": 0.6828013503520128,
      "auc_macro": 0.0
    },
    {
      "loss": 0.25341305939795133,
      "accuracy": 0.7219031993437244,
      "balanced_accuracy": 0.7475452157763423,
      "f1_weighted": 0.7312901534917183,
      "f1_macro": 0.6934377710554186,
      "auc_macro": 0.0
    },
    {
      "loss": 0.2680682676856394,
      "accuracy": 0.6730926989335521,
      "balanced_accuracy": 0.7346819547774217,
      "f1_weighted": 0.686314487379733,
      "f1_macro": 0.6789263716504876,
      "auc_macro": 0.0
    },
    {
      "loss": 0.2831124813332186,
      "accuracy": 0.6796554552912223,
      "balanced_accuracy": 0.7584415057912575,
      "f1_weighted": 0.6942398733457137,
      "f1_macro": 0.6540213362815608,
      "auc_macro": 0.0
    },
    {
      "loss": 0.24155074384595668,
      "accuracy": 0.7428219852337982,
      "balanced_accuracy": 0.7338662386827282,
      "f1_weighted": 0.7524206487668395,
      "f1_macro": 0.7092138597530542,
      "auc_macro": 0.0
    },
    {
      "loss": 0.2410531249139216,
      "accuracy": 0.739540607054963,
      "balanced_accuracy": 0.7541696620078334,
      "f1_weighted": 0.746092405641746,
      "f1_macro": 0.7235298827427907,
      "auc_macro": 0.0
    },
    {
      "loss": 0.22588322311639786,
      "accuracy": 0.716160787530763,
      "balanced_accuracy": 0.7516746594883424,
      "f1_weighted": 0.7254734656116901,
      "f1_macro": 0.7079678798561757,
      "auc_macro": 0.0
    },
    {
      "loss": 0.2287691089917313,
      "accuracy": 0.7579983593109105,
      "balanced_accuracy": 0.7983594905017642,
      "f1_weighted": 0.7638683013863209,
      "f1_macro": 0.7280111018941462,
      "auc_macro": 0.0
    },
    {
      "loss": 0.2388623750635556,
      "accuracy": 0.7178014766201805,
      "balanced_accuracy": 0.7600188559256877,
      "f1_weighted": 0.7287970114488833,
      "f1_macro": 0.7330743139178024,
      "auc_macro": 0.0
    },
    {
      "loss": 0.3103843166843637,
      "accuracy": 0.640278917145201,
      "balanced_accuracy": 0.7570856054420956,
      "f1_weighted": 0.6469335227378046,
      "f1_macro": 0.6506267422476433,
      "auc_macro": 0.0
    },
    {
      "loss": 0.24269558271610892,
      "accuracy": 0.7305168170631665,
      "balanced_accuracy": 0.7380559956907771,
      "f1_weighted": 0.7399495539611446,
      "f1_macro": 0.7075401598414819,
      "auc_macro": 0.0
    },
    {
      "loss": 0.234204927193267,
      "accuracy": 0.717391304347826,
      "balanced_accuracy": 0.768385500951123,
      "f1_weighted": 0.7287007300963239,
      "f1_macro": 0.7352604271024422,
      "auc_macro": 0.0
    },
    {
      "loss": 0.20322199042451072,
      "accuracy": 0.7621000820344545,
      "balanced_accuracy": 0.7870100117487353,
      "f1_weighted": 0.7704767128720956,
      "f1_macro": 0.7658276813853466,
      "auc_macro": 0.0
    },
    {
      "loss": 0.24202057709554572,
      "accuracy": 0.7817883511074651,
      "balanced_accuracy": 0.7854372132474605,
      "f1_weighted": 0.7857957557877576,
      "f1_macro": 0.7558733955150141,
      "auc_macro": 0.0
    },
    {
      "loss": 0.24444971211835162,
      "accuracy": 0.7567678424938474,