{
  "train_loss": [
    1.0060997849745716,
    0.7730843099973185,
    0.679410905396338,
    0.6223720282101802,
    0.550035442969353,
    0.5157370746350117,
    0.496717654259058,
    0.43333821175552956,
    0.39583552269626865,
    0.37247568194037506,
    0.34000403318125355,
    0.31375574370135934,
    0.2987042902935323,
    0.2934794630537064,
    0.26954669439361145,
    0.24480336455164708,
    0.23237891141459238,
    0.21672056687714383,
    0.2185430713064915,
    0.2109536094148811,
    0.18098249114889034,
    0.1733313222288442,
    0.16241219606277324,
    0.15642348553636948,
    0.15565460595375985,
    0.14659583223289552,
    0.14258738493715603,
    0.1429707472071909,
    0.14213996026798975,
    0.1295355201008723,
    0.12597515906388168,
    0.11332722282712494,
    0.1187711014017034,
    0.10668108945967053,
    0.10250503570176393,
    0.10446996403951868,
    0.09978925110662328,
    0.1000877528158722,
    0.09999754327423066,
    0.09007712830822888,
    0.09563812852683042,
    0.09087189051101534,
    0.09176017199023191,
    0.09589352281161136,
    0.08324537619197969,
    0.08566012436510634,
    0.08614584663994494,
    0.08574067487669505,
    0.08047722359087399,
    0.08641501750832549
  ],
  "train_acc": [
    64.85815802831199,
    72.74829394845186,
    75.75996841689695,
    77.95386611020247,
    80.57075179064914,
    81.50696520218825,
    82.3303818171564,
    84.24792735886301,
    85.74248491342846,
    86.71253736393886,
    87.58107269753539,
    88.51164626924596,
    89.2786644859286,
    89.24482544695731,
    90.26563645592465,
    91.0100953132931,
    91.48948169871976,
    92.3128983136879,
    92.25086007557385,
    92.40877559077322,
    93.56494275562574,
    93.8018160284248,
    94.11764705882354,
    94.42783824939372,
    94.38835937059388,
    94.73802943996391,
    94.85082623653489,
    95.09897918899104,
    94.96362303310586,
    95.33585246179008,
    95.499407816818,
    95.95059500310191,
    95.79267948790255,
    96.22694715470081,
    96.20438779538661,
    96.31154475212904,
    96.39050250972872,
    96.37358299024308,
    96.49765946647115,
    96.62173594269923,
    96.54277818509955,
    96.92064745361232,
    96.81913033669844,
    96.61045626304212,
    97.06164344932604,
    96.89808809429812,
    96.79093113755569,
    96.82477017652698,
    97.04472392984039,
    96.88680841464102
  ],
  "val_loss": [
    0.7051144783695539,
    0.599084448814392,
    0.5996618424852689,
    0.5183320770661036,
    0.4624821700155735,
    0.5356791908542315,
    0.4503273365398248,
    0.4286705714960893,
    0.42681360319256784,
    0.45162222112218536,
    0.43730428044994674,
    0.44858895714084307,
    0.42078171322743096,
    0.4687828245262305,
    0.46338432021439074,
    0.4190363004803658,
    0.4018471429745356,
    0.43255530123909314,
    0.4958142900218566,
    0.4705969063565135,
    0.5019090212881565,
    0.4869392719119787,
    0.47031668896476425,
    0.4639514615138372,
    0.5076632057627042,
    0.46269999792178473,
    0.47350930869579316,
    0.4633507575839758,
    0.5207857282211383,
    0.5174848005175591,
    0.5154636191825072,
    0.5220997368295988,
    0.5196029536426068,
    0.5679312807818254,
    0.5308169885228078,
    0.5460391126573085,
    0.5749569993466139,
    0.5534591584155957,
    0.5443055375789603,
    0.5592485169569651,
    0.5425284975518783,
    0.557483155031999,
    0.5652872764815887,
    0.5763023747131228,
    0.5813174595435461,
    0.5719435576349496,
    0.5705786025462051,
    0.5725302859209478,
    0.5711843666310111,
    0.5709965752748152
  ],
  "val_acc": [
    74.8157894736842,
    78.28947368421052,
    78.86842105263158,
    81.05263157894737,
    83.26315789473684,
    81.0,
    84.34210526315789,
    84.71052631578948,
    85.21052631578948,
    84.8157894736842,
    86.60526315789474,
    85.86842105263158,
    86.3157894736842,
    85.86842105263158,
    87.39473684210526,
    87.47368421052632,
    87.94736842105263,
    87.44736842105263,
    88.5,
    88.39473684210526,
    87.6842105263158,
    88.21052631578948,
    89.63157894736842,
    89.65789473684211,
    89.15789473684211,
    89.76315789473684,
    89.21052631578948,
    89.52631578947368,
    89.73684210526316,
    89.89473684210526,
    89.76315789473684,
    90.13157894736842,
    90.34210526315789,
    89.94736842105263,
    90.26315789473684,
    90.44736842105263,
    90.57894736842105,
    90.65789473684211,
    90.60526315789474,
    90.65789473684211,
    90.84210526315789,
    91.02631578947368,
    91.02631578947368,
    90.73684210526316,
    90.89473684210526,
    90.97368421052632,
    91.05263157894737,
    90.97368421052632,
    91.02631578947368,
    91.02631578947368
  ],
  "lr": [
    9.990133642141359e-05,
    9.96057350657239e-05,
    9.911436253643444e-05,
    9.842915805643155e-05,
    9.755282581475769e-05,
    9.648882429441257e-05,
    9.524135262330098e-05,
    9.381533400219317e-05,
    9.221639627510075e-05,
    9.045084971874735e-05,
    8.852566213878945e-05,
    8.644843137107056e-05,
    8.422735529643442e-05,
    8.187119948743447e-05,
    7.938926261462366e-05,
    7.679133974894982e-05,
    7.408768370508575e-05,
    7.128896457825361e-05,
    6.840622763423389e-05,
    6.545084971874736e-05,
    6.243449435824272e-05,
    5.9369065729286224e-05,
    5.626666167821521e-05,
    5.3139525976465657e-05,
    4.999999999999998e-05,
    4.6860474023534314e-05,
    4.3733338321784775e-05,
    4.063093427071375e-05,
    3.756550564175724e-05,
    3.454915028125263e-05,
    3.1593772365766105e-05,
    2.8711035421746357e-05,
    2.591231629491422e-05,
    2.3208660251050148e-05,
    2.061073738537634e-05,
    1.8128800512565503e-05,
    1.5772644703565555e-05,
    1.3551568628929426e-05,
    1.1474337861210536e-05,
    9.549150281252626e-06,
    7.783603724899252e-06,
    6.184665997806817e-06,
    4.75864737669903e-06,
    3.5111757055874303e-06,
    2.4471741852423216e-06,
    1.5708419435684504e-06,
    8.856374635655631e-07,
    3.942649342761114e-07,
    9.866357858642197e-08,
    0.0
  ]
}