{
  "train_loss": [
    0.39367558356407084,
    0.21679653322176906,
    0.16248023979747314,
    0.13347421663288594,
    0.11438452479984977,
    0.09876342945828567,
    0.09349742289832806,
    0.08049341363542149,
    0.07137299797524681,
    0.0653030438684745,
    0.06337145304536818,
    0.05649926857795636,
    0.05296095943696216,
    0.04647151289701408,
    0.04916390031764419,
    0.0425545578185948,
    0.041232896718083105,
    0.03753359184336622,
    0.033454410015956566,
    0.03261471356572346,
    0.02566398385877476,
    0.026978008022950833,
    0.02350114844615046,
    0.023097588199117728,
    0.018565220060162726,
    0.019478219729684658,
    0.015964238241102668,
    0.014568514744911035,
    0.014583554671422657,
    0.011496092170694151,
    0.010494283084347312,
    0.010070789323804211,
    0.008874694142840877,
    0.007387109364950985,
    0.006585033049086062,
    0.007983229238787618,
    0.006097972500618652,
    0.005703286845386158,
    0.004239260556036025,
    0.004446120473430761,
    0.003538682803073984,
    0.0032586612956960292,
    0.0034474911623076686,
    0.003130749329181556,
    0.0025774442598319783,
    0.0024179303398522032
  ],
  "train_acc": [
    0.6794456853717463,
    0.7921775994894471,
    0.8341614623695127,
    0.8582303870173679,
    0.8719059123854674,
    0.887085745544058,
    0.8935132424670648,
    0.9055477047909923,
    0.9138441901809727,
    0.9179468477914027,
    0.9235538131923234,
    0.9299357250307699,
    0.9330810958654329,
    0.939690933126681,
    0.9386880612663536,
    0.9422436978620595,
    0.9475771527556184,
    0.9516798103660482,
    0.9550986917080732,
    0.9549163513698318,
    0.9612982632082783,
    0.9609335825317956,
    0.9661758672562337,
    0.9672699092856817,
    0.971007886219629,
    0.9716004923189132,
    0.9757031499293431,
    0.9760222455212655,
    0.9775265533117564,
    0.9799881478780144,
    0.9814012854993847,
    0.9805351688927383,
    0.9835893695582806,
    0.9846378265031681,
    0.987099421069426,
    0.9834526143045995,
    0.9859142088708575,
    0.9873273464922278,
    0.9891963349592013,
    0.9896066007202443,
    0.990928568172494,
    0.9913844190180973,
    0.9906094725805716,
    0.9915211742717783,
    0.9920681952865023,
    0.9922049505401832
  ],
  "val_metrics": [
    {
      "loss": 0.3455922011431162,
      "accuracy": 0.6319244973327862,
      "balanced_accuracy": 0.6694606627803239,
      "f1_weighted": 0.6525758066080877,
      "f1_macro": 0.5471969734352422,
      "auc_macro": 0.0
    },
    {
      "loss": 0.3717538472506907,
      "accuracy": 0.6253590480098482,
      "balanced_accuracy": 0.6684048865375805,
      "f1_weighted": 0.6517825818720067,
      "f1_macro": 0.5325587610130256,
      "auc_macro": 0.0
    },
    {
      "loss": 0.3819879227644437,
      "accuracy": 0.5794009027492819,
      "balanced_accuracy": 0.661184633986717,
      "f1_weighted": 0.6180072963598212,
      "f1_macro": 0.5795978947325174,
      "auc_macro": 0.0
    },
    {
      "loss": 0.42748228789536985,
      "accuracy": 0.6171522363561757,
      "balanced_accuracy": 0.6734484432814076,
      "f1_weighted": 0.6529297886043018,
      "f1_macro": 0.541690400284399,
      "auc_macro": 0.0
    },
    {
      "loss": 0.3143117345579259,
      "accuracy": 0.6384899466557242,
      "balanced_accuracy": 0.7107512197541416,
      "f1_weighted": 0.6645399132056496,
      "f1_macro": 0.6112737028139161,
      "auc_macro": 0.0
    },
    {
      "loss": 0.3460370707628015,
      "accuracy": 0.6274107509232663,
      "balanced_accuracy": 0.7169278089548381,
      "f1_weighted": 0.6529373457743847,
      "f1_macro": 0.5639753020220708,
      "auc_macro": 0.0
    },
    {
      "loss": 0.2558897715303805,
      "accuracy": 0.7197373820270825,
      "balanced_accuracy": 0.7283395078380619,
      "f1_weighted": 0.7283984402456082,
      "f1_macro": 0.6494430895048049,
      "auc_macro": 0.0
    },
    {
      "loss": 0.35856393250552093,
      "accuracy": 0.589249076733689,
      "balanced_accuracy": 0.7169319731770414,
      "f1_weighted": 0.6046480624177898,
      "f1_macro": 0.6102763914656666,
      "auc_macro": 0.0
    },
    {
      "loss": 0.27342534713543853,
      "accuracy": 0.6901928600738613,
      "balanced_accuracy": 0.7475776786430635,
      "f1_weighted": 0.7023756509867348,
      "f1_macro": 0.6381009508306597,
      "auc_macro": 0.0
    },
    {
      "loss": 0.25133140181953256,
      "accuracy": 0.6750102585145671,
      "balanced_accuracy": 0.7402082094324305,
      "f1_weighted": 0.6853441575787236,
      "f1_macro": 0.6796130500424797,
      "auc_macro": 0.0
    },
    {
      "loss": 0.285264896785284,
      "accuracy": 0.6417726713171933,
      "balanced_accuracy": 0.7360380064722853,
      "f1_weighted": 0.6477937068999922,
      "f1_macro": 0.6626755219381933,
      "auc_macro": 0.0
    },
    {
      "loss": 0.2732059300526396,
      "accuracy": 0.7164546573656134,
      "balanced_accuracy": 0.7344357465100301,
      "f1_weighted": 0.7312695753030602,
      "f1_macro": 0.6312542923943358,
      "auc_macro": 0.0
    },
    {
      "loss": 0.240229172607908,
      "accuracy": 0.7402544111612639,
      "balanced_accuracy": 0.7498940324181443,
      "f1_weighted": 0.7465663146867323,
      "f1_macro": 0.6780569679787254,
      "auc_macro": 0.0
    },
    {
      "loss": 0.304451388585103,
      "accuracy": 0.6508001641362331,
      "balanced_accuracy": 0.753503119481418,
      "f1_weighted": 0.6685099101452837,
      "f1_macro": 0.6566529978217345,
      "auc_macro": 0.0
    },
    {
      "loss": 0.27175478932338876,
      "accuracy": 0.6380796060730406,
      "balanced_accuracy": 0.73965694999542,
      "f1_weighted": 0.6451427287333138,
      "f1_macro": 0.666661085348938,
      "auc_macro": 0.0
    },
    {
      "loss": 0.27274469740979085,
      "accuracy": 0.7049651210504719,
      "balanced_accuracy": 0.7326580765186528,
      "f1_weighted": 0.715271610174097,
      "f1_macro": 0.6851786823276116,
      "auc_macro": 0.0
    },
    {
      "loss": 0.25579617595808074,
      "accuracy": 0.6996306934755847,
      "balanced_accuracy": 0.7364918521356689,
      "f1_weighted": 0.7105549188872019,
      "f1_macro": 0.6476541236574809,
      "auc_macro": 0.0
    },
    {
      "loss": 0.2421474979295359,
      "accuracy": 0.710299548625359,
      "balanced_accuracy": 0.7617911150350201,
      "f1_weighted": 0.7153259357907484,
      "f1_macro": 0.6968782408110679,
      "auc_macro": 0.0
    },
    {
      "loss": 0.24461258577739264,
      "accuracy": 0.7254821501846532,
      "balanced_accuracy": 0.7826482008928906,
      "f1_weighted": 0.7335699555226894,
      "f1_macro": 0.705426440167314,
      "auc_macro": 0.0
    },
    {
      "loss": 0.24265488897534934,
      "accuracy": 0.7644645055395979,
      "balanced_accuracy": 0.7727453686681162,
      "f1_weighted": 0.7703692102282012,
      "f1_macro": 0.7293627665978273,
      "auc_macro": 0.0
    },
    {
      "loss": 0.2753933470502689,
      "accuracy": 0.7271235125153878,
      "balanced_accuracy": 0.7577377034863396,
      "f1_weighted": 0.7370929368232115,
      "f1_macro": 0.6947401055071432,
      "auc_macro": 0.0
    },
    {
      "loss": 0.2594269359750407,
      "accuracy": 0.7607714402954452,
      "balanced_accuracy": 0.7720611892669617,
      "f1_weighted": 0.7682127034982839,
      "f1_macro": 0.7217726831917612,
      "auc_macro": 0.0
    },
    {
      "loss": 0.25033391184814563,
      "accuracy": 0.7542059909725072,
      "balanced_accuracy": 0.7793571821318215,
      "f1_weighted": 0.7632894229836658,
      "f1_macro": 0.6996599603403408,
      "auc_macro": 0.0
    },
    {
      "loss": 0.22568901821777418,
      "accuracy": 0.769798933114485,
      "balanced_accuracy": 0.7688519470647657,
      "f1_weighted": 0.7742626962876202,
      "f1_macro": 0.7366224282421796,
      "auc_macro": 0.0
    },
    {
      "loss": 0.26246976841531405,