{
  "train_loss": [
    0.42256096982921176,
    0.2173550519881819,
    0.17010346476433924,
    0.13037749914246755,
    0.11830301975848614,
    0.10227128107534482,
    0.0921760479552081,
    0.07806397737188837,
    0.07267218349535184,
    0.06963007677181572,
    0.05986550875487004,
    0.06013194142409909,
    0.0533221670239026,
    0.04768278681489174,
    0.04732919433773214,
    0.041437503393669375,
    0.03887936308536473,
    0.03592458148103601,
    0.032936988437685846,
    0.02925519183054083,
    0.030247676653979497,
    0.025360124048444427,
    0.024160492685552887,
    0.020640388604840576,
    0.021620883192522086,
    0.017346198991434587,
    0.013410730336690517,
    0.01504031353011004,
    0.014405014268502913,
    0.012678132493475673,
    0.011139456978090628,
    0.009018616014152443,
    0.00931244292166253,
    0.007838507927241329,
    0.006901753409176255,
    0.006437321817226535,
    0.004980367842691475,
    0.005301508920363957,
    0.004579957465784756,
    0.00399993445162784,
    0.0035393701064366694,
    0.0038253185895526167,
    0.003228859322595529,
    0.0026251041556316383,
    0.002689236713455919,
    0.002680787537755347,
    0.00241887394412687,
    0.0022044637194607803,
    0.0023870474941445055,
    0.0025879697180021537
  ],
  "train_acc": [
    0.6546473993709259,
    0.7898527601768701,
    0.8271413593472215,
    0.8581392168482472,
    0.8693075625655285,
    0.8854902675844464,
    0.8920089346765738,
    0.9024023339563295,
    0.908921001048457,
    0.9181747732142043,
    0.9243287596298491,
    0.9235082281077631,
    0.9316223731595022,
    0.9370469982221817,
    0.9399188585494826,
    0.9441126863290331,
    0.948488854446825,
    0.9505401832520399,
    0.9558280530610385,
    0.95742353102065,
    0.9592925194876236,
    0.9618452842230022,
    0.9642612937046998,
    0.969913844190181,
    0.9666317181018371,
    0.9726945343483612,
    0.9745179377307744,
    0.9736974062086885,
    0.9768427770433514,
    0.9797602224552127,
    0.9804439987236176,
    0.9831791037972375,
    0.9835893695582806,
    0.9848201668414095,
    0.9839084651502028,
    0.9847289966722889,
    0.987509686830469,
    0.9879655376760724,
    0.988877239367279,
    0.9896066007202443,
    0.9910653234261749,
    0.989971281396727,
    0.9901992068195287,
    0.9923872908784246,
    0.9918402698637006,
    0.9922049505401832,
    0.9927519715549072,
    0.9936636732461138,
    0.9932989925696312,
    0.9923417057938643
  ],
  "val_metrics": [
    {
      "loss": 0.39441365390628963,
      "accuracy": 0.5281083299138285,
      "balanced_accuracy": 0.6204216765054635,
      "f1_weighted": 0.5475329820590604,
      "f1_macro": 0.5042900415351151,
      "auc_macro": 0.0
    },
    {
      "loss": 0.2748898152600635,
      "accuracy": 0.6704965121050472,
      "balanced_accuracy": 0.6829633982134362,
      "f1_weighted": 0.6851562244873809,
      "f1_macro": 0.5906480332440465,
      "auc_macro": 0.0
    },
    {
      "loss": 0.35588877290100246,
      "accuracy": 0.5646286417726714,
      "balanced_accuracy": 0.6646479921344715,
      "f1_weighted": 0.5976203988735023,
      "f1_macro": 0.5615406995143082,
      "auc_macro": 0.0
    },
    {
      "loss": 0.3750802802962142,
      "accuracy": 0.5666803446860894,
      "balanced_accuracy": 0.6307963010587763,
      "f1_weighted": 0.6015588589294474,
      "f1_macro": 0.5186842154679103,
      "auc_macro": 0.0
    },
    {
      "loss": 0.2570626606995409,
      "accuracy": 0.7123512515387772,
      "balanced_accuracy": 0.7148408692750714,
      "f1_weighted": 0.7249343333053737,
      "f1_macro": 0.6527196597484713,
      "auc_macro": 0.0
    },
    {
      "loss": 0.24557070714699758,
      "accuracy": 0.6745999179318835,
      "balanced_accuracy": 0.7342522016929554,
      "f1_weighted": 0.6896216860065114,
      "f1_macro": 0.6397701179227109,
      "auc_macro": 0.0
    },
    {
      "loss": 0.23896128239182682,
      "accuracy": 0.62330734509643,
      "balanced_accuracy": 0.7130235717921252,
      "f1_weighted": 0.6420644100936509,
      "f1_macro": 0.6156576765974509,
      "auc_macro": 0.0
    },
    {
      "loss": 0.3038600025238929,
      "accuracy": 0.6270004103405827,
      "balanced_accuracy": 0.6440895186878705,
      "f1_weighted": 0.6444106565025016,
      "f1_macro": 0.6067873373106618,
      "auc_macro": 0.0
    },
    {
      "loss": 0.24992143822374283,
      "accuracy": 0.6709068526877309,
      "balanced_accuracy": 0.7358181949709574,
      "f1_weighted": 0.6849737589987351,
      "f1_macro": 0.6392639062432005,
      "auc_macro": 0.0
    },
    {
      "loss": 0.23013115403327075,
      "accuracy": 0.7689782519491177,
      "balanced_accuracy": 0.7371677345763518,
      "f1_weighted": 0.7647036269424113,
      "f1_macro": 0.698104759840918,
      "auc_macro": 0.0
    },
    {
      "loss": 0.2717956775775203,
      "accuracy": 0.6590069757899056,
      "balanced_accuracy": 0.7192058233250517,
      "f1_weighted": 0.6741414618832239,
      "f1_macro": 0.6311501857523019,
      "auc_macro": 0.0
    },
    {
      "loss": 0.2568176139097709,
      "accuracy": 0.7016823963890029,
      "balanced_accuracy": 0.7045498883412568,
      "f1_weighted": 0.7109531643372419,
      "f1_macro": 0.6619715444717067,
      "auc_macro": 0.0
    },
    {
      "loss": 0.2247455178143142,
      "accuracy": 0.7258924907673369,
      "balanced_accuracy": 0.7278838982440474,
      "f1_weighted": 0.7329657294312245,
      "f1_macro": 0.7086975948780208,
      "auc_macro": 0.0
    },
    {
      "loss": 0.24001920290968634,
      "accuracy": 0.6778826425933525,
      "balanced_accuracy": 0.7511355671490243,
      "f1_weighted": 0.6875985229401873,
      "f1_macro": 0.6691894870757275,
      "auc_macro": 0.0
    },
    {
      "loss": 0.24033153613472913,
      "accuracy": 0.7320475995075914,
      "balanced_accuracy": 0.7361792920344613,
      "f1_weighted": 0.7391686509172422,
      "f1_macro": 0.7145614527995479,
      "auc_macro": 0.0
    },
    {
      "loss": 0.23098424536647735,
      "accuracy": 0.7041444398851047,
      "balanced_accuracy": 0.7405004589397947,
      "f1_weighted": 0.7108143626733804,
      "f1_macro": 0.6980408632044364,
      "auc_macro": 0.0
    },
    {
      "loss": 0.24003644534326218,
      "accuracy": 0.734509643003693,
      "balanced_accuracy": 0.7609778767999746,
      "f1_weighted": 0.7464783078429482,
      "f1_macro": 0.7203988715409615,
      "auc_macro": 0.0
    },
    {
      "loss": 0.23885923846588505,
      "accuracy": 0.7168649979482971,
      "balanced_accuracy": 0.7674788967547026,
      "f1_weighted": 0.7294311891748471,
      "f1_macro": 0.6972356889294512,
      "auc_macro": 0.0
    },
    {
      "loss": 0.2746442470264125,
      "accuracy": 0.6680344686089454,
      "balanced_accuracy": 0.7480631147062262,
      "f1_weighted": 0.6842661729687346,
      "f1_macro": 0.687216967962315,
      "auc_macro": 0.0
    },
    {
      "loss": 0.21062060051246898,
      "accuracy": 0.8034468608945424,
      "balanced_accuracy": 0.7746505370200856,
      "f1_weighted": 0.8025943859196875,
      "f1_macro": 0.7736776390269964,
      "auc_macro": 0.0
    },
    {
      "loss": 0.1981089994698376,
      "accuracy": 0.739023389413213,
      "balanced_accuracy": 0.74940270197531,
      "f1_weighted": 0.7443875470182219,
      "f1_macro": 0.738195408151137,
      "auc_macro": 0.0
    },
    {
      "loss": 0.2177461190270139,
      "accuracy": 0.7386130488305294,
      "balanced_accuracy": 0.7689519672040408,
      "f1_weighted": 0.7487136606212028,
      "f1_macro": 0.7271245366471903,
      "auc_macro": 0.0
    },
    {
      "loss": 0.2138104256629557,
      "accuracy": 0.7468198604842019,
      "balanced_accuracy": 0.7644537097209105,
      "f1_weighted": 0.7570166173350821,
      "f1_macro": 0.7310519320627844,
      "auc_macro": 0.0
    },
    {
      "loss": 0.20149904170206615,
      "accuracy": 0.7537956503898235,