{
  "train_loss": [
    0.39973398173939295,
    0.20709941601249612,
    0.16643711056686292,
    0.13417348749857777,
    0.11630976640806179,
    0.09703197150853321,
    0.09578370341853613,
    0.07994665079599542,
    0.07374310767909663,
    0.06455183971103884,
    0.06388433418618417,
    0.05776602522078192,
    0.052854512840630544,
    0.047888264729779896,
    0.044210792536614196,
    0.041963646447549255,
    0.04052034050471685,
    0.03732221981386516,
    0.03372499016816144,
    0.03210445309251626,
    0.02806950509041946,
    0.023574025215888177,
    0.02376102084196842,
    0.024268575940661816,
    0.018100144163768712,
    0.017366321541166182,
    0.017127699321506384,
    0.01536919594111609,
    0.0127161477230387,
    0.0122819482860037,
    0.012132547542738174,
    0.009041373417560443,
    0.010585441809100211,
    0.0077409892530122286
  ],
  "train_acc": [
    0.6723344121803346,
    0.7996079682727811,
    0.8332953457628663,
    0.8568172493959977,
    0.8751880384738113,
    0.8932853170442632,
    0.8928750512832201,
    0.9065505766513197,
    0.9127957332360852,
    0.9214113142179878,
    0.9225053562474358,
    0.9286593426630806,
    0.9333090212882345,
    0.9390527419428363,
    0.9431098144687058,
    0.9445229520900761,
    0.9476227378401787,
    0.9508592788439623,
    0.9540502347631855,
    0.9562839039066418,
    0.958107307289055,
    0.9625746455759675,
    0.9640333682818981,
    0.9643524638738205,
    0.9721930984181976,
    0.971007886219629,
    0.9719651729953959,
    0.97666043670511,
    0.9790308611022474,
    0.978711765510325,
    0.9804439987236176,
    0.9833158590509186,
    0.9805351688927383,
    0.9849113370105301
  ],
  "val_metrics": [
    {
      "loss": 0.480565034336858,
      "accuracy": 0.4370127205580632,
      "balanced_accuracy": 0.6014240196052325,
      "f1_weighted": 0.4565543084879123,
      "f1_macro": 0.4031069969531594,
      "auc_macro": 0.0
    },
    {
      "loss": 0.2876034090658287,
      "accuracy": 0.6725482150184653,
      "balanced_accuracy": 0.6798980201210646,
      "f1_weighted": 0.6820582551950778,
      "f1_macro": 0.5821469732851723,
      "auc_macro": 0.0
    },
    {
      "loss": 0.2573094713416966,
      "accuracy": 0.682806729585556,
      "balanced_accuracy": 0.6960399720056903,
      "f1_weighted": 0.6952672000676079,
      "f1_macro": 0.6480763988473619,
      "auc_macro": 0.0
    },
    {
      "loss": 0.2857851491539509,
      "accuracy": 0.6315141567501026,
      "balanced_accuracy": 0.7244939654820277,
      "f1_weighted": 0.6401124897278152,
      "f1_macro": 0.5929285195230286,
      "auc_macro": 0.0
    },
    {
      "loss": 0.27012290084710366,
      "accuracy": 0.6704965121050472,
      "balanced_accuracy": 0.7283222001562064,
      "f1_weighted": 0.6905737966334218,
      "f1_macro": 0.6611952885271914,
      "auc_macro": 0.0
    },
    {
      "loss": 0.2512947188375832,
      "accuracy": 0.727944193680755,
      "balanced_accuracy": 0.7571053911241221,
      "f1_weighted": 0.7352021070907944,
      "f1_macro": 0.6646701001698856,
      "auc_macro": 0.0
    },
    {
      "loss": 0.29491075379894927,
      "accuracy": 0.6491588018054986,
      "balanced_accuracy": 0.7300968921802642,
      "f1_weighted": 0.6663732538543977,
      "f1_macro": 0.6245242085876905,
      "auc_macro": 0.0
    },
    {
      "loss": 0.25270048316035953,
      "accuracy": 0.6532622076323349,
      "balanced_accuracy": 0.7217051327841686,
      "f1_weighted": 0.6683972355099259,
      "f1_macro": 0.6722714636955867,
      "auc_macro": 0.0
    },
    {
      "loss": 0.22264924301923095,
      "accuracy": 0.6700861715223636,
      "balanced_accuracy": 0.7468987235512126,
      "f1_weighted": 0.6809373139496361,
      "f1_macro": 0.6964332123339241,
      "auc_macro": 0.0
    },
    {
      "loss": 0.3066487716776984,
      "accuracy": 0.6573656134591711,
      "balanced_accuracy": 0.7692069875588918,
      "f1_weighted": 0.6659788585071522,
      "f1_macro": 0.6584998144902601,
      "auc_macro": 0.0
    },
    {
      "loss": 0.3012429329191709,
      "accuracy": 0.5917111202297908,
      "balanced_accuracy": 0.7129407664355973,
      "f1_weighted": 0.5960150202662998,
      "f1_macro": 0.6364807716475291,
      "auc_macro": 0.0
    },
    {
      "loss": 0.2264036735543957,
      "accuracy": 0.7558473533032417,
      "balanced_accuracy": 0.7639118775272938,
      "f1_weighted": 0.7620241731906574,
      "f1_macro": 0.7179870530317498,
      "auc_macro": 0.0
    },
    {
      "loss": 0.2486901463481126,
      "accuracy": 0.7340993024210094,
      "balanced_accuracy": 0.7388219674903962,
      "f1_weighted": 0.7390756409325377,
      "f1_macro": 0.7041007063203581,
      "auc_macro": 0.0
    },
    {
      "loss": 0.24174579537727617,
      "accuracy": 0.679524004924087,
      "balanced_accuracy": 0.7618671109320734,
      "f1_weighted": 0.6946514034348286,
      "f1_macro": 0.6647177866320735,
      "auc_macro": 0.0
    },
    {
      "loss": 0.22677409295718393,
      "accuracy": 0.7349199835863767,
      "balanced_accuracy": 0.772970239266835,
      "f1_weighted": 0.7437927421140743,
      "f1_macro": 0.7269100953252943,
      "auc_macro": 0.0
    },
    {
      "loss": 0.22905472636996926,
      "accuracy": 0.7275338530980714,
      "balanced_accuracy": 0.7767903304955106,
      "f1_weighted": 0.738512538711006,
      "f1_macro": 0.7081365469995997,
      "auc_macro": 0.0
    },
    {
      "loss": 0.2187723657237245,
      "accuracy": 0.682806729585556,
      "balanced_accuracy": 0.7652377374848052,
      "f1_weighted": 0.692011503724352,
      "f1_macro": 0.7210243833414082,
      "auc_macro": 0.0
    },
    {
      "loss": 0.2316808970282217,
      "accuracy": 0.7189167008617152,
      "balanced_accuracy": 0.7918917967064182,
      "f1_weighted": 0.730450007813839,
      "f1_macro": 0.7074721153773358,
      "auc_macro": 0.0
    },
    {
      "loss": 0.2005675517312892,
      "accuracy": 0.7853918752564628,
      "balanced_accuracy": 0.7954240790163385,
      "f1_weighted": 0.7917075505360059,
      "f1_macro": 0.7493185593436296,
      "auc_macro": 0.0
    },
    {
      "loss": 0.24856422052948507,
      "accuracy": 0.7164546573656134,
      "balanced_accuracy": 0.7851022898646898,
      "f1_weighted": 0.7221183195330522,
      "f1_macro": 0.7148442612468732,
      "auc_macro": 0.0
    },
    {
      "loss": 0.23295351325885041,
      "accuracy": 0.734509643003693,
      "balanced_accuracy": 0.7901758667807628,
      "f1_weighted": 0.7426222918487236,
      "f1_macro": 0.7296011269721443,
      "auc_macro": 0.0
    },
    {
      "loss": 0.19961503902813058,
      "accuracy": 0.784160853508412,
      "balanced_accuracy": 0.8015063876600124,
      "f1_weighted": 0.7891614992994977,
      "f1_macro": 0.7684983543441941,
      "auc_macro": 0.0
    },
    {
      "loss": 0.2420697244996955,
      "accuracy": 0.7468198604842019,
      "balanced_accuracy": 0.7865579697128291,
      "f1_weighted": 0.7579579702610887,
      "f1_macro": 0.7222024877968959,
      "auc_macro": 0.0
    },
    {
      "loss": 0.19149359852656142,
      "accuracy": 0.7780057447681575,
      "balanced_accuracy": 0.8223531520091596,
      "f1_weighted": 0.7823039416881479,
      "f1_macro": 0.7762093166664135,
      "auc_macro": 0.0
    },
    {
      "loss": 0.19553568412537697,
      "accuracy": 0.774312679524005,
      "balanced_accuracy": 0.8101082339641257,
      "f1_weighted": 0.781092800839539,
      "f1_macro": 0.7754269662062927,
      "auc_macro": 0.0
    },
    {
      "loss": 0.2105268028552656,
      "accuracy": 0.8001641362330735,
      "balanced_accuracy": 0.7919173203819133,
      "f1_weighted": 0.8009230403596767,
      "f1_macro": 0.7703974101060961,
      "auc_macro": 0.0
    },
    {
      "loss": 0.21527392905834433,
      "accuracy": 0.7693885925318014,
      "balanced_accuracy": 0.8034106740102872,
      "f1_weighted": 0.7768508192071755,