{
  "train_loss": [
    0.4613477905924397,
    0.23395462080010868,
    0.17571257978525698,
    0.13772582055854207,
    0.11619993796403745,
    0.10128825921130859,
    0.08965802385163583,
    0.08062013975852346,
    0.06753659954175092,
    0.06375613578754062,
    0.06034930867113108,
    0.053403877277801534,
    0.04928973236470144,
    0.04574001357963977,
    0.04500781916354785,
    0.03852471359224811,
    0.035006618902084494,
    0.03386409784430121,
    0.031898610287755945,
    0.02896174363066977,
    0.02986166813633467,
    0.025419054720068824,
    0.023960129103746196,
    0.024247337449185887,
    0.020274503693478753,
    0.01743360343653099,
    0.01797954020140972,
    0.017507747970246533,
    0.014114293113072388,
    0.014653104682781859,
    0.012831371049703853,
    0.011610171805865538,
    0.012453669606505917,
    0.010938885048808489,
    0.008588102898709293,
    0.008525564342382268,
    0.00810603803752506,
    0.007915567648428845,
    0.00823214422789984,
    0.006978813920562462,
    0.006632522996006249,
    0.005910689408839027,
    0.00595681082299683,
    0.005696133187584618,
    0.00563720124340942,
    0.005273332732379806,
    0.0056438124782229055,
    0.0051007353465944375,
    0.0051737820833147215,
    0.0048886706827696675
  ],
  "train_acc": [
    0.650407986506815,
    0.7854765920590783,
    0.8263208278251356,
    0.8576377809180836,
    0.875689474403975,
    0.8889547340110316,
    0.8966130282171674,
    0.9065049915667593,
    0.91894971965173,
    0.9204084423576606,
    0.925012535898254,
    0.9322605643433468,
    0.9385513060126727,
    0.9393718375347586,
    0.9414687514245339,
    0.9486711947850663,
    0.950129917490997,
    0.9515886401969276,
    0.9555089574691161,
    0.9559192232301591,
    0.9551898618771938,
    0.9603865615170716,
    0.9641245384510189,
    0.9639421981127775,
    0.9685007065688107,
    0.9714181519806719,
    0.9708711309659479,
    0.9726945343483612,
    0.9749737885763778,
    0.9740165018006108,
    0.9779824041573597,
    0.9794867119478506,
    0.977754478734558,
    0.9812645302457036,
    0.981173360076583,
    0.9839540502347632,
    0.9829511783744359,
    0.9842731458266855,
    0.9835893695582806,
    0.9862333044627798,
    0.9857318685326161,
    0.9873729315767881,
    0.9873273464922278,
    0.9865979851392624,
    0.9868259105620641,
    0.9881022929297534,
    0.9871450061539864,
    0.9868714956466245,
    0.9860965492090988,
    0.9884213885216757
  ],
  "val_metrics": [
    {
      "loss": 0.3938627609839806,
      "accuracy": 0.5457529749692245,
      "balanced_accuracy": 0.6139889813036438,
      "f1_weighted": 0.5692786502617398,
      "f1_macro": 0.47464979570180466,
      "auc_macro": 0.0
    },
    {
      "loss": 0.3107185304546968,
      "accuracy": 0.6368485843249897,
      "balanced_accuracy": 0.6378115404875369,
      "f1_weighted": 0.652007105529861,
      "f1_macro": 0.5518777550315306,
      "auc_macro": 0.0
    },
    {
      "loss": 0.2984357155286349,
      "accuracy": 0.6565449322938038,
      "balanced_accuracy": 0.6878784206475235,
      "f1_weighted": 0.6729801104865171,
      "f1_macro": 0.6015246690422805,
      "auc_macro": 0.0
    },
    {
      "loss": 0.29358395150838756,
      "accuracy": 0.6315141567501026,
      "balanced_accuracy": 0.6829913493022578,
      "f1_weighted": 0.6519715324421121,
      "f1_macro": 0.560620739607196,
      "auc_macro": 0.0
    },
    {
      "loss": 0.31088798922988087,
      "accuracy": 0.6347968814115716,
      "balanced_accuracy": 0.6970335760708155,
      "f1_weighted": 0.6568503485694632,
      "f1_macro": 0.5824526424651872,
      "auc_macro": 0.0
    },
    {
      "loss": 0.2779443525733092,
      "accuracy": 0.6573656134591711,
      "balanced_accuracy": 0.6990641262934696,
      "f1_weighted": 0.6707705980122268,
      "f1_macro": 0.618123214598407,
      "auc_macro": 0.0
    },
    {
      "loss": 0.29205069901087344,
      "accuracy": 0.6495691423881822,
      "balanced_accuracy": 0.7183252687035482,
      "f1_weighted": 0.668078324464527,
      "f1_macro": 0.6003571315630678,
      "auc_macro": 0.0
    },
    {
      "loss": 0.2883477528125812,
      "accuracy": 0.6553139105457529,
      "balanced_accuracy": 0.7056901132417572,
      "f1_weighted": 0.6721163098093657,
      "f1_macro": 0.6066389868360806,
      "auc_macro": 0.0
    },
    {
      "loss": 0.28802232692639035,
      "accuracy": 0.616741895773492,
      "balanced_accuracy": 0.6845424393882751,
      "f1_weighted": 0.6317911906474917,
      "f1_macro": 0.5902832938600644,
      "auc_macro": 0.0
    },
    {
      "loss": 0.27494424486007446,
      "accuracy": 0.6668034468608945,
      "balanced_accuracy": 0.7263140233388006,
      "f1_weighted": 0.6797795057645117,
      "f1_macro": 0.6240828283498353,
      "auc_macro": 0.0
    },
    {
      "loss": 0.2756742989787689,
      "accuracy": 0.6807550266721378,
      "balanced_accuracy": 0.734657990403481,
      "f1_weighted": 0.6932972076682892,
      "f1_macro": 0.648750001243191,
      "auc_macro": 0.0
    },
    {
      "loss": 0.23723565213955367,
      "accuracy": 0.7217890849405006,
      "balanced_accuracy": 0.738601713368618,
      "f1_weighted": 0.7303811579591957,
      "f1_macro": 0.6873486783696803,
      "auc_macro": 0.0
    },
    {
      "loss": 0.30133107935006803,
      "accuracy": 0.6421830118998769,
      "balanced_accuracy": 0.6950670842751743,
      "f1_weighted": 0.6513749745448622,
      "f1_macro": 0.6272153154524351,
      "auc_macro": 0.0
    },
    {
      "loss": 0.2664649916382936,
      "accuracy": 0.6680344686089454,
      "balanced_accuracy": 0.7246560694471916,
      "f1_weighted": 0.6820872143632731,
      "f1_macro": 0.6498767676143009,
      "auc_macro": 0.0
    },
    {
      "loss": 0.2718075015223943,
      "accuracy": 0.6668034468608945,
      "balanced_accuracy": 0.7285500995165084,
      "f1_weighted": 0.677062163267882,
      "f1_macro": 0.6521512554874929,
      "auc_macro": 0.0
    },
    {
      "loss": 0.25570099017558956,
      "accuracy": 0.6782929831760361,
      "balanced_accuracy": 0.7180077758912939,
      "f1_weighted": 0.6904004024644623,
      "f1_macro": 0.6658475210295302,
      "auc_macro": 0.0
    },
    {
      "loss": 0.2669769350725871,
      "accuracy": 0.6832170701682396,
      "balanced_accuracy": 0.7181694016589398,
      "f1_weighted": 0.6978208808574062,
      "f1_macro": 0.6601710008004461,
      "auc_macro": 0.0
    },
    {
      "loss": 0.2559584424090691,
      "accuracy": 0.714813295034879,
      "balanced_accuracy": 0.7262846718155966,
      "f1_weighted": 0.7266526879086721,
      "f1_macro": 0.6836619932576635,
      "auc_macro": 0.0
    },
    {
      "loss": 0.24002322640556556,
      "accuracy": 0.7193270414443989,
      "balanced_accuracy": 0.7450228610507086,
      "f1_weighted": 0.7286868061997068,
      "f1_macro": 0.6789361207094982,
      "auc_macro": 0.0
    },
    {
      "loss": 0.24735225947239461,
      "accuracy": 0.6947066064833812,
      "balanced_accuracy": 0.7345886925081184,
      "f1_weighted": 0.7091966263492245,
      "f1_macro": 0.6769744218787512,
      "auc_macro": 0.0
    },
    {
      "loss": 0.24821765911884797,
      "accuracy": 0.6934755847353303,
      "balanced_accuracy": 0.7333853531308261,
      "f1_weighted": 0.7058047342878551,
      "f1_macro": 0.6841948418232779,
      "auc_macro": 0.0
    },
    {
      "loss": 0.25190121279313016,
      "accuracy": 0.7049651210504719,
      "balanced_accuracy": 0.7509812118381489,
      "f1_weighted": 0.7160740241203017,
      "f1_macro": 0.7000848054001187,
      "auc_macro": 0.0
    },
    {
      "loss": 0.2625679862804902,
      "accuracy": 0.7263028313500205,
      "balanced_accuracy": 0.7509456891836103,
      "f1_weighted": 0.7358290148146843,
      "f1_macro": 0.6975945158360219,
      "auc_macro": 0.0
    },
    {
      "loss": 0.2539230703543394,
      "accuracy": 0.7193270414443989,