{
  "train_loss": [
    1.2837514607168787,
    0.9957771933764863,
    0.8919666355891194,
    0.8178225958304439,
    0.7692067408733231,
    0.7194047930429308,
    0.6839107594472899,
    0.664576548198573,
    0.6014779115216338,
    0.5664483061154112,
    0.5419705095801423,
    0.5107193357652897,
    0.46931108240064956,
    0.4417724982440043,
    0.4067640114146814,
    0.3727446427608994,
    0.34088443080298336,
    0.3379249738917934,
    0.315010058579685,
    0.28606591706010076,
    0.24762097755514031,
    0.23218075936432364,
    0.23606189806684316,
    0.2206395889595553,
    0.1977280799647887,
    0.1863607961496861,
    0.1613682436642887,
    0.15831240815081443,
    0.14719060914282747,
    0.15407481449890695,
    0.14050510084497736,
    0.13956209260979724,
    0.11376854935878714,
    0.11170608973090383,
    0.1094954518011684,
    0.10936883832519605,
    0.09910780426429705,
    0.09106796810138809,
    0.08772828096049426,
    0.08256979898395513,
    0.082390151529325,
    0.08525371144143798,
    0.07084088968850083,
    0.07456167869502338,
    0.07768738283651165,
    0.07878435080830785,
    0.07442404661434802,
    0.07255795385634942,
    0.06908890353046733,
    0.07294697956376367
  ],
  "train_acc": [
    55.287349839264564,
    64.5592465173989,
    68.07286673058485,
    70.75179064914556,
    72.14483108679714,
    73.5153121651345,
    75.5794935423834,
    75.48925610512661,
    78.24713778128701,
    79.35818622751114,
    80.32823867802155,
    81.80587671310134,
    82.64057300772659,
    83.90953696915008,
    85.12774237211663,
    86.2218712988551,
    88.07173876261915,
    87.7897467711917,
    88.5285657887316,
    89.5324572782133,
    91.14545146917827,
    91.73763465117591,
    91.66431673340477,
    91.99706728328916,
    93.01223845242795,
    93.47470531836896,
    94.19660481642322,
    94.28684225367999,
    94.68163104167841,
    94.40527889007952,
    95.04822063053409,
    95.12153854830522,
    95.85471772601659,
    96.06903163950143,
    96.10851051830129,
    96.2382268343579,
    96.45818058767131,
    96.66121482149907,
    96.84168969601264,
    96.999605211212,
    97.05036376966895,
    96.94320681292652,
    97.37747447972478,
    97.28723704246799,
    97.15752072641136,
    97.23083864418251,
    97.33235576109638,
    97.35491512041058,
    97.59742823303819,
    97.33235576109638
  ],
  "val_loss": [
    1.0409906814495722,
    0.8873133917649587,
    0.7919578820466995,
    0.6711465428272884,
    0.6513503029942512,
    0.756377112865448,
    0.6248155742883682,
    0.6323016166687012,
    0.5924275115132331,
    0.6241616646448771,
    0.5682563960552216,
    0.5613800746699175,
    0.5835984831055006,
    0.5575609733661016,
    0.5453791166345279,
    0.535254546503226,
    0.5513602559765179,
    0.5200806183119615,
    0.5323088392615318,
    0.5250544816255569,
    0.4952082335948944,
    0.6018026409049829,
    0.5674105823040009,
    0.5804971039295197,
    0.5944961160421371,
    0.5113508080442747,
    0.624124922355016,
    0.5943078974882762,
    0.6269465021789074,
    0.6009858367343743,
    0.6556527289251487,
    0.6040420763194561,
    0.6802378649512927,
    0.6743842681248983,
    0.734312663724025,
    0.6144694412748019,
    0.683772353331248,
    0.7286166888972123,
    0.692693522075812,
    0.6740862637758255,
    0.7229781071345012,
    0.7068985119462013,
    0.7240463679035505,
    0.7232341279586156,
    0.7276652035613854,
    0.7261076673865319,
    0.7244113559524218,
    0.7266634499033292,
    0.7251521944999695,
    0.7254291648666064
  ],
  "val_acc": [
    64.3157894736842,
    68.5,
    70.57894736842105,
    75.21052631578948,
    76.36842105263158,
    70.52631578947368,
    76.60526315789474,
    77.44736842105263,
    78.63157894736842,
    78.71052631578948,
    80.15789473684211,
    80.36842105263158,
    80.6842105263158,
    81.0,
    81.94736842105263,
    82.44736842105263,
    81.86842105263158,
    83.28947368421052,
    83.97368421052632,
    84.97368421052632,
    84.44736842105263,
    85.52631578947368,
    84.94736842105263,
    85.23684210526316,
    85.02631578947368,
    86.15789473684211,
    85.42105263157895,
    86.10526315789474,
    86.55263157894737,
    86.05263157894737,
    86.71052631578948,
    87.15789473684211,
    86.15789473684211,
    87.05263157894737,
    87.13157894736842,
    87.36842105263158,
    87.73684210526316,
    87.71052631578948,
    87.60526315789474,
    88.13157894736842,
    88.07894736842105,
    88.21052631578948,
    88.02631578947368,
    88.21052631578948,
    88.23684210526316,
    88.10526315789474,
    88.36842105263158,
    88.26315789473684,
    88.26315789473684,
    88.21052631578948
  ],
  "lr": [
    9.990133642141359e-05,
    9.96057350657239e-05,
    9.911436253643444e-05,
    9.842915805643155e-05,
    9.755282581475769e-05,
    9.648882429441257e-05,
    9.524135262330098e-05,
    9.381533400219317e-05,
    9.221639627510075e-05,
    9.045084971874735e-05,
    8.852566213878945e-05,
    8.644843137107056e-05,
    8.422735529643442e-05,
    8.187119948743447e-05,
    7.938926261462366e-05,
    7.679133974894982e-05,
    7.408768370508575e-05,
    7.128896457825361e-05,
    6.840622763423389e-05,
    6.545084971874736e-05,
    6.243449435824272e-05,
    5.9369065729286224e-05,
    5.626666167821521e-05,
    5.3139525976465657e-05,
    4.999999999999998e-05,
    4.6860474023534314e-05,
    4.3733338321784775e-05,
    4.063093427071375e-05,
    3.756550564175724e-05,
    3.454915028125263e-05,
    3.1593772365766105e-05,
    2.8711035421746357e-05,
    2.591231629491422e-05,
    2.3208660251050148e-05,
    2.061073738537634e-05,
    1.8128800512565503e-05,
    1.5772644703565555e-05,
    1.3551568628929426e-05,
    1.1474337861210536e-05,
    9.549150281252626e-06,
    7.783603724899252e-06,
    6.184665997806817e-06,
    4.75864737669903e-06,
    3.5111757055874303e-06,
    2.4471741852423216e-06,
    1.5708419435684504e-06,
    8.856374635655631e-07,
    3.942649342761114e-07,
    9.866357858642197e-08,
    0.0
  ]
}