{
  "train_loss": [
    1.6658022373700314,
    1.286175628574632,
    1.163337761549641,
    1.0743102122553818,
    1.0165286866023386,
    0.9682610776784609,
    0.9293714772454269,
    0.8977684039863751,
    0.8653879186017908,
    0.8433280203411048,
    0.81451133375974,
    0.7939528994423022,
    0.7664343211933863,
    0.7454727720871246,
    0.7275936511351908,
    0.705395295679998,
    0.6885372711171349,
    0.6704171322446932,
    0.6592112063503951,
    0.6440556472797188,
    0.6172089267977707,
    0.5963113009929657,
    0.5885706628612477,
    0.5716114182480805,
    0.5572687649040771,
    0.5504444692042663,
    0.5506881443287829,
    0.5351750333960965,
    0.5122985738001281,
    0.5014107231613544,
    0.5017135316948239,
    0.4888122778037469,
    0.47953111447876307,
    0.47684459479378283,
    0.48254920467198326,
    0.46830042231854774,
    0.47295132895811,
    0.470347579220216,
    0.459423510665945,
    0.45578019819456894,
    0.45164284056467974,
    0.45176209273526996,
    0.4409358148737777,
    0.4453296664593031,
    0.4479717380708928,
    0.4410681519255364,
    0.4519995018947039,
    0.4442260041832924,
    0.4464475694748995,
    0.439608392258771
  ],
  "train_acc": [
    46.08877107890136,
    55.99796965766172,
    59.90637865884609,
    62.22435282837967,
    64.22085612768598,
    66.04252439230726,
    67.22689075630252,
    67.94315041452823,
    69.24031357509446,
    69.96785291297728,
    70.85330776605944,
    71.71056341999888,
    72.73137442896622,
    73.38559584907789,
    74.16953358524619,
    74.7955558062151,
    75.5907732220405,
    75.73740905758277,
    76.34651175906605,
    77.12480965540578,
    77.92566691105972,
    78.25277762111556,
    78.87879984208449,
    79.30742766905419,
    79.75861485533811,
    80.18724268230783,
    80.36771755682139,
    80.79070554396255,
    81.09525689470419,
    82.04838982572895,
    81.90175399018668,
    82.2401443798996,
    82.52213637132705,
    82.73081044498336,
    82.53341605098416,
    82.95640403812531,
    82.8041283627545,
    83.11995939315324,
    83.497828661666,
    83.5542270599515,
    83.89825728949297,
    83.83057921155039,
    83.98849472674976,
    83.96593536743556,
    84.13513056229203,
    83.93209632846427,
    83.88697760983588,
    83.90389712932152,
    84.08437200383509,
    84.62579662737578
  ],
  "val_loss": [
    1.1426607916752498,
    1.0218668470780055,
    0.9349895030260086,
    0.8888125916322073,
    0.8428771724303563,
    0.7964668894807497,
    0.7722346554199855,
    0.7437151074409485,
    0.71794829616944,
    0.7035331810514133,
    0.6819535911083221,
    0.6624139681458473,
    0.6502466897169749,
    0.6298097873727481,
    0.6240020076433818,
    0.6130299642682076,
    0.6083118359247843,
    0.6045502543449401,
    0.597718457877636,
    0.6165040562550227,
    0.5855987166364988,
    0.5776471773783366,
    0.5725343475739161,
    0.5703477789958318,
    0.5834214682380359,
    0.5596051196257273,
    0.5766818111141523,
    0.557823691268762,
    0.5593507702151934,
    0.5592857375741005,
    0.5595333367586136,
    0.5612539673844973,
    0.5631217082341512,
    0.5478456298510234,
    0.5472547069191933,
    0.5442725792527199,
    0.5474294086297353,
    0.5538019225001335,
    0.5572078496217727,
    0.5532141546408336,
    0.5540215586622556,
    0.556240030626456,
    0.5553475171327591,
    0.5427272081375122,
    0.5666016086935997,
    0.5514264613389969,
    0.5536672229568164,
    0.5525468741854032,
    0.5612792332967123,
    0.5540061359604199
  ],
  "val_acc": [
    60.39473684210526,
    64.65789473684211,
    66.89473684210526,
    68.44736842105263,
    70.10526315789474,
    71.5,
    72.13157894736842,
    72.86842105263158,
    74.39473684210526,
    74.57894736842105,
    75.42105263157895,
    76.5,
    76.57894736842105,
    77.5,
    77.78947368421052,
    77.8157894736842,
    77.97368421052632,
    78.26315789473684,
    78.34210526315789,
    78.07894736842105,
    79.42105263157895,
    79.26315789473684,
    79.89473684210526,
    79.78947368421052,
    79.86842105263158,
    79.8157894736842,
    80.55263157894737,
    80.6842105263158,
    80.6842105263158,
    80.78947368421052,
    80.86842105263158,
    81.07894736842105,
    81.10526315789474,
    81.34210526315789,
    81.63157894736842,
    81.89473684210526,
    81.65789473684211,
    81.36842105263158,
    81.97368421052632,
    81.60526315789474,
    82.0,
    81.34210526315789,
    82.05263157894737,
    82.05263157894737,
    81.86842105263158,
    82.39473684210526,
    81.84210526315789,
    82.02631578947368,
    81.3157894736842,
    81.47368421052632
  ],
  "lr": [
    9.990133642141359e-05,
    9.96057350657239e-05,
    9.911436253643444e-05,
    9.842915805643155e-05,
    9.755282581475769e-05,
    9.648882429441257e-05,
    9.524135262330098e-05,
    9.381533400219317e-05,
    9.221639627510075e-05,
    9.045084971874735e-05,
    8.852566213878945e-05,
    8.644843137107056e-05,
    8.422735529643442e-05,
    8.187119948743447e-05,
    7.938926261462366e-05,
    7.679133974894982e-05,
    7.408768370508575e-05,
    7.128896457825361e-05,
    6.840622763423389e-05,
    6.545084971874736e-05,
    6.243449435824272e-05,
    5.9369065729286224e-05,
    5.626666167821521e-05,
    5.3139525976465657e-05,
    4.999999999999998e-05,
    4.6860474023534314e-05,
    4.3733338321784775e-05,
    4.063093427071375e-05,
    3.756550564175724e-05,
    3.454915028125263e-05,
    3.1593772365766105e-05,
    2.8711035421746357e-05,
    2.591231629491422e-05,
    2.3208660251050148e-05,
    2.061073738537634e-05,
    1.8128800512565503e-05,
    1.5772644703565555e-05,
    1.3551568628929426e-05,
    1.1474337861210536e-05,
    9.549150281252626e-06,
    7.783603724899252e-06,
    6.184665997806817e-06,
    4.75864737669903e-06,
    3.5111757055874303e-06,
    2.4471741852423216e-06,
    1.5708419435684504e-06,
    8.856374635655631e-07,
    3.942649342761114e-07,
    9.866357858642197e-08,
    0.0
  ]
}