{
  "train_loss": [
    1.1064973829461515,
    0.8575903569622864,
    0.7631313630359636,
    0.7081174833311451,
    0.6601743628438428,
    0.6201755565276249,
    0.6035995959377974,
    0.5657337399052201,
    0.5385848060786296,
    0.5205013355870041,
    0.48421576152816953,
    0.47259693903674327,
    0.43541593018838826,
    0.4255300192095393,
    0.38427501053904456,
    0.38822458475399363,
    0.3547750048928981,
    0.3347326125815618,
    0.3357204395286042,
    0.30239481867538937,
    0.28615079640591745,
    0.2823056807245711,
    0.27306741808387014,
    0.2783739031594005,
    0.24440567216856016,
    0.23417266635157222,
    0.24339169633688687,
    0.2172179482609248,
    0.2134803611677971,
    0.2094916178302156,
    0.20298451307169396,
    0.1851197181792139,
    0.18044751617896684,
    0.17812515775130378,
    0.18549276304116352,
    0.17493501155496502,
    0.1626860301727228,
    0.172128918667813,
    0.15888326157474045,
    0.15628464462356173,
    0.16117158837000028,
    0.16118973935116754,
    0.1544623796982195,
    0.15044792055440465,
    0.14332472380223893,
    0.14722517940128665,
    0.12961572374002808,
    0.13841431183914701,
    0.14595140609220206,
    0.1392308422799805
  ],
  "train_acc": [
    61.767525802267215,
    69.49974620720772,
    72.5790987535954,
    74.64328013084429,
    76.10963848626699,
    77.64931475946084,
    78.24713778128701,
    79.64581805876713,
    80.49179403304946,
    81.17985449213242,
    82.47137781287012,
    82.83232756189724,
    84.37200383509108,
    84.40584287406237,
    85.91168010828493,
    86.32902825559754,
    87.45699622130732,
    87.90254356776268,
    88.79363826067339,
    89.32942304438554,
    89.78061023066945,
    90.22615757712481,
    90.42355197112401,
    90.69990412272291,
    91.2977271445491,
    91.72071513169026,
    91.42744346060572,
    92.41441543060176,
    92.58361062545823,
    92.53849190682985,
    93.02915797191359,
    93.28295076419829,
    93.73977779031075,
    93.75105746996785,
    93.41830692008347,
    94.04996898088095,
    94.39399921042242,
    94.04996898088095,
    94.58011392476453,
    94.64779200270712,
    94.24736337488015,
    94.749309119621,
    94.69291072133551,
    94.8057075179065,
    95.12153854830522,
    94.88466527550618,
    95.49376797698946,
    95.2004963059049,
    94.89594495516327,
    95.00874175173425
  ],
  "val_loss": [
    0.770902156829834,
    0.6907251829902331,
    0.6322843993703524,
    0.5940335700909297,
    0.5808768053849538,
    0.5691564778486887,
    0.5525844693183899,
    0.544021659096082,
    0.5172729941705863,
    0.5332169565061728,
    0.5025437089304129,
    0.50600565969944,
    0.5086887761950493,
    0.5792221364875635,
    0.5429884061217308,
    0.5339573393265407,
    0.5004339617987473,
    0.4878566101193428,
    0.5335673386851947,
    0.5177802540361881,
    0.5396436614294847,
    0.5512426736454169,
    0.5293908191223939,
    0.5486247432728608,
    0.5412188269197941,
    0.5266685225069523,
    0.5653455967704455,
    0.5360260225832463,
    0.5154914940396945,
    0.5511179702977339,
    0.5896321453154088,
    0.56427834952871,
    0.5953201008339722,
    0.6008789392809073,
    0.5652602861324946,
    0.5994251335660616,
    0.5723331891000271,
    0.5731961821516355,
    0.578649747868379,
    0.5817925547560056,
    0.5695876908799012,
    0.576178548981746,
    0.5833835793038209,
    0.5899145618081093,
    0.5818562472860018,
    0.5745118332405885,
    0.5545821482936542,
    0.5632940779129664,
    0.5658402249217034,
    0.5621151521801948
  ],
  "val_acc": [
    72.3157894736842,
    74.6842105263158,
    76.55263157894737,
    78.71052631578948,
    79.28947368421052,
    79.07894736842105,
    80.1842105263158,
    80.42105263157895,
    82.28947368421052,
    81.6842105263158,
    82.71052631578948,
    82.39473684210526,
    83.57894736842105,
    81.89473684210526,
    82.34210526315789,
    83.26315789473684,
    84.05263157894737,
    84.05263157894737,
    83.97368421052632,
    84.39473684210526,
    83.84210526315789,
    84.6842105263158,
    85.05263157894737,
    85.34210526315789,
    84.6842105263158,
    85.34210526315789,
    85.23684210526316,
    85.65789473684211,
    85.63157894736842,
    85.60526315789474,
    85.57894736842105,
    86.02631578947368,
    85.65789473684211,
    86.21052631578948,
    86.36842105263158,
    86.0,
    86.21052631578948,
    86.02631578947368,
    86.15789473684211,
    86.13157894736842,
    86.63157894736842,
    86.02631578947368,
    86.63157894736842,
    86.60526315789474,
    86.78947368421052,
    86.65789473684211,
    86.92105263157895,
    87.07894736842105,
    87.1842105263158,
    87.10526315789474
  ],
  "lr": [
    9.990133642141359e-05,
    9.96057350657239e-05,
    9.911436253643444e-05,
    9.842915805643155e-05,
    9.755282581475769e-05,
    9.648882429441257e-05,
    9.524135262330098e-05,
    9.381533400219317e-05,
    9.221639627510075e-05,
    9.045084971874735e-05,
    8.852566213878945e-05,
    8.644843137107056e-05,
    8.422735529643442e-05,
    8.187119948743447e-05,
    7.938926261462366e-05,
    7.679133974894982e-05,
    7.408768370508575e-05,
    7.128896457825361e-05,
    6.840622763423389e-05,
    6.545084971874736e-05,
    6.243449435824272e-05,
    5.9369065729286224e-05,
    5.626666167821521e-05,
    5.3139525976465657e-05,
    4.999999999999998e-05,
    4.6860474023534314e-05,
    4.3733338321784775e-05,
    4.063093427071375e-05,
    3.756550564175724e-05,
    3.454915028125263e-05,
    3.1593772365766105e-05,
    2.8711035421746357e-05,
    2.591231629491422e-05,
    2.3208660251050148e-05,
    2.061073738537634e-05,
    1.8128800512565503e-05,
    1.5772644703565555e-05,
    1.3551568628929426e-05,
    1.1474337861210536e-05,
    9.549150281252626e-06,
    7.783603724899252e-06,
    6.184665997806817e-06,
    4.75864737669903e-06,
    3.5111757055874303e-06,
    2.4471741852423216e-06,
    1.5708419435684504e-06,
    8.856374635655631e-07,
    3.942649342761114e-07,
    9.866357858642197e-08,
    0.0
  ]
}