{
  "train_loss": [
    0.4000310195018008,
    0.22034970067615237,
    0.17098441150897445,
    0.13830496061256606,
    0.11920848364993365,
    0.09728833720218336,
    0.09476534745577213,
    0.0786241172444966,
    0.07283977599428972,
    0.06930787559278287,
    0.059697067654221905,
    0.057414829367486646,
    0.05293139556603392,
    0.04632053391396342,
    0.046065257980662015,
    0.040406452393622214,
    0.03755749233098261,
    0.03723695419668342,
    0.03257581036019956,
    0.03082742281969156,
    0.03048558800692369,
    0.027748106179538972,
    0.02461054136585607,
    0.024544685754725442,
    0.021490006296167086,
    0.019121987038326696,
    0.016459222941533132,
    0.01730611883039361,
    0.015728377480526627,
    0.01318556407836735,
    0.01325140623635311,
    0.011187150347110701,
    0.01027397158807142,
    0.010412831885274372,
    0.008381057913891486,
    0.007736646646604513,
    0.008109634800740865,
    0.0076061609795726685,
    0.007233197399369977,
    0.006958378589373719,
    0.005879325192234493,
    0.005079218591134058
  ],
  "train_acc": [
    0.6790810046952637,
    0.793818662533619,
    0.8313351871267721,
    0.8569084195651183,
    0.8723617632310708,
    0.8925559556912978,
    0.8913251584081688,
    0.9085563203719743,
    0.9126133928978438,
    0.9165337101700324,
    0.9232347176004011,
    0.9291607785932443,
    0.9326708301043899,
    0.9384145507589916,
    0.9397821032958016,
    0.9442038564981539,
    0.9469389615717737,
    0.9486711947850663,
    0.9545516706933491,
    0.9546428408624698,
    0.9555089574691161,
    0.9579249669508136,
    0.9634407621826139,
    0.9628481560833295,
    0.9681816109768884,
    0.9690021424989743,
    0.9721930984181976,
    0.9718740028262752,
    0.9747914482381365,
    0.9763869261977481,
    0.9782103295801614,
    0.9800337329625747,
    0.9814012854993847,
    0.9823585722751516,
    0.9830879336281169,
    0.9831791037972375,
    0.9835437844737202,
    0.9828600082053153,
    0.9852760176870128,
    0.9859597939554178,
    0.9876920271687104,
    0.9877376122532707
  ],
  "val_metrics": [
    {
      "loss": 0.3921276986216887,
      "accuracy": 0.5584735330324169,
      "balanced_accuracy": 0.627009942833539,
      "f1_weighted": 0.5899732336656992,
      "f1_macro": 0.49431398324022247,
      "auc_macro": 0.0
    },
    {
      "loss": 0.28435524170979476,
      "accuracy": 0.6713171932704144,
      "balanced_accuracy": 0.6889693042100351,
      "f1_weighted": 0.6853531977775117,
      "f1_macro": 0.5834903870617052,
      "auc_macro": 0.0
    },
    {
      "loss": 0.28074685484170914,
      "accuracy": 0.6368485843249897,
      "balanced_accuracy": 0.678610990798652,
      "f1_weighted": 0.6517845560696123,
      "f1_macro": 0.6068108317848327,
      "auc_macro": 0.0
    },
    {
      "loss": 0.30662653136711854,
      "accuracy": 0.6495691423881822,
      "balanced_accuracy": 0.7058486894926528,
      "f1_weighted": 0.6681856799105182,
      "f1_macro": 0.6221308227281874,
      "auc_macro": 0.0
    },
    {
      "loss": 0.2713012825220059,
      "accuracy": 0.6709068526877309,
      "balanced_accuracy": 0.7173403818860933,
      "f1_weighted": 0.6854408723966032,
      "f1_macro": 0.6013911618912362,
      "auc_macro": 0.0
    },
    {
      "loss": 0.26404385765393573,
      "accuracy": 0.6524415264669676,
      "balanced_accuracy": 0.7137988798339835,
      "f1_weighted": 0.6680843649200615,
      "f1_macro": 0.6247788827573875,
      "auc_macro": 0.0
    },
    {
      "loss": 0.2702080393448854,
      "accuracy": 0.6901928600738613,
      "balanced_accuracy": 0.7344960841834098,
      "f1_weighted": 0.7092475596521688,
      "f1_macro": 0.6056130894622008,
      "auc_macro": 0.0
    },
    {
      "loss": 0.2808231044656191,
      "accuracy": 0.6906032006565449,
      "balanced_accuracy": 0.7038563691254511,
      "f1_weighted": 0.7049886991071077,
      "f1_macro": 0.6426810434705786,
      "auc_macro": 0.0
    },
    {
      "loss": 0.26140378281856197,
      "accuracy": 0.6647517439474764,
      "balanced_accuracy": 0.709573028366848,
      "f1_weighted": 0.6744214738856003,
      "f1_macro": 0.6433815759350526,
      "auc_macro": 0.0
    },
    {
      "loss": 0.2308143834846142,
      "accuracy": 0.7258924907673369,
      "balanced_accuracy": 0.7687835431770436,
      "f1_weighted": 0.7381699480290351,
      "f1_macro": 0.7015452277918772,
      "auc_macro": 0.0
    },
    {
      "loss": 0.27851903725128907,
      "accuracy": 0.6770619614279852,
      "balanced_accuracy": 0.7385201793507862,
      "f1_weighted": 0.690654270251485,
      "f1_macro": 0.6645945889611269,
      "auc_macro": 0.0
    },
    {
      "loss": 0.22175650737988642,
      "accuracy": 0.721378744357817,
      "balanced_accuracy": 0.7323156893829377,
      "f1_weighted": 0.7308445659736967,
      "f1_macro": 0.6595197330757538,
      "auc_macro": 0.0
    },
    {
      "loss": 0.25506387832455146,
      "accuracy": 0.6889618383258104,
      "balanced_accuracy": 0.7565525624342302,
      "f1_weighted": 0.7000983485106675,
      "f1_macro": 0.6685706046969268,
      "auc_macro": 0.0
    },
    {
      "loss": 0.25291853761061645,
      "accuracy": 0.7221994255231843,
      "balanced_accuracy": 0.7472874278758255,
      "f1_weighted": 0.7327383297080656,
      "f1_macro": 0.6860759178796778,
      "auc_macro": 0.0
    },
    {
      "loss": 0.23711263503019625,
      "accuracy": 0.693885925318014,
      "balanced_accuracy": 0.7484961602794185,
      "f1_weighted": 0.7039071786562845,
      "f1_macro": 0.6884718273120933,
      "auc_macro": 0.0
    },
    {
      "loss": 0.2282176741804832,
      "accuracy": 0.7172753385309807,
      "balanced_accuracy": 0.7675164839990516,
      "f1_weighted": 0.7290911833024114,
      "f1_macro": 0.7061326839618643,
      "auc_macro": 0.0
    },
    {
      "loss": 0.25038549007895666,
      "accuracy": 0.7275338530980714,
      "balanced_accuracy": 0.76166631967465,
      "f1_weighted": 0.7352203382760686,
      "f1_macro": 0.691517038985811,
      "auc_macro": 0.0
    },
    {
      "loss": 0.25141110175695175,
      "accuracy": 0.7025030775543701,
      "balanced_accuracy": 0.7378102151365808,
      "f1_weighted": 0.7131719350514301,
      "f1_macro": 0.6932937525368748,
      "auc_macro": 0.0
    },
    {
      "loss": 0.23579778952094224,
      "accuracy": 0.6942962659006976,
      "balanced_accuracy": 0.7302563231522023,
      "f1_weighted": 0.704756495165713,
      "f1_macro": 0.6725481686874304,
      "auc_macro": 0.0
    },
    {
      "loss": 0.22994776939352354,
      "accuracy": 0.7488715633976201,
      "balanced_accuracy": 0.772156284793476,
      "f1_weighted": 0.7575479917903367,
      "f1_macro": 0.7039484685804456,
      "auc_macro": 0.0
    },
    {
      "loss": 0.23231699604254502,
      "accuracy": 0.7193270414443989,
      "balanced_accuracy": 0.7458414062984263,
      "f1_weighted": 0.7300335603669631,
      "f1_macro": 0.6955421279678417,
      "auc_macro": 0.0
    },
    {
      "loss": 0.23087871767198428,
      "accuracy": 0.7144029544521954,
      "balanced_accuracy": 0.7757355016544477,
      "f1_weighted": 0.7237399264482688,
      "f1_macro": 0.7086762952888521,
      "auc_macro": 0.0
    },
    {
      "loss": 0.25148277615125364,
      "accuracy": 0.734509643003693,
      "balanced_accuracy": 0.7624694816600943,
      "f1_weighted": 0.7420761451360206,
      "f1_macro": 0.7182742989518465,
      "auc_macro": 0.0
    },
    {
      "loss": 0.2330611730233217,
      "accuracy": 0.7459991793188346,
      "balanced_accuracy": 0.7828199217103373,
      "f1_weighted": 0.7539062138647469,
      "f1_macro": 0.7135511563545591,
      "auc_macro": 0.0
    },
    {
      "loss": 0.23541414231444016,
      "accuracy": 0.7484612228149364,
      "balanced_accuracy": 0.7622829468925992,
      "f1_weighted": 0.753348920172951,
      "f1_macro": 0.7360370837771673,