{
  "train_loss": [
    1.6927235692525082,
    1.2868506145134246,
    1.1696326906303707,
    1.0733562334835958,
    1.028540591970622,
    0.9800122871244554,
    0.9515708020265153,
    0.9074325540082918,
    0.8721000039749008,
    0.8528990586884588,
    0.8301703256668804,
    0.8087341487407684,
    0.7836897730184116,
    0.7563872573187025,
    0.7414167199632247,
    0.7132307591198159,
    0.6921962939149184,
    0.6762866218634647,
    0.6619467700985696,
    0.6479586973893556,
    0.6316552935101145,
    0.6101460812760772,
    0.5911111224898331,
    0.5876065765996631,
    0.58710608282964,
    0.5723071961308555,
    0.5527906971012088,
    0.550995919237034,
    0.5436116296181576,
    0.5439997484786905,
    0.5259966582274266,
    0.5144581934102148,
    0.5112082190650831,
    0.49796403960572727,
    0.49670486934751057,
    0.4887218456045329,
    0.4861004070626746,
    0.4967196989509699,
    0.49226166066720334,
    0.47604197100233686,
    0.4819191904376737,
    0.48777597145639734,
    0.4719175128199214,
    0.46722459219556917,
    0.47824751076509625,
    0.4677177199142442,
    0.4762228941209882,
    0.4744922383654889,
    0.4601753709449185,
    0.48185283696051123
  ],
  "train_acc": [
    46.37640291015735,
    56.375838926174495,
    59.618746827590094,
    62.39918786306469,
    64.03474141334387,
    65.52365912808077,
    66.45423269979132,
    67.71191698155772,
    69.01471998195251,
    69.56178444532175,
    70.48107833737522,
    71.05070216005865,
    71.98691557159776,
    73.10360385765044,
    73.47019344650612,
    74.19209294456037,
    75.03806891884271,
    75.29186171112741,
    76.02504088883876,
    76.48186791495121,
    77.11916981557724,
    77.91438723140263,
    78.63064688962834,
    78.94083808019852,
    79.0987535953979,
    79.11003327505499,
    80.22108172127912,
    80.20980204162201,
    80.61587050927754,
    80.27184027973605,
    81.15729513281823,
    81.40544808527437,
    81.41108792510293,
    81.95251254864363,
    82.22322486041396,
    82.34166149681349,
    82.64057300772659,
    81.73819863515877,
    82.69133156618352,
    82.61801364841239,
    82.43753877389882,
    82.32474197732785,
    82.77592916361175,
    83.13687891263888,
    82.82104788224015,
    83.00152275675372,
    83.035361795725,
    83.12559923298178,
    83.19891715075292,
    82.52213637132705
  ],
  "val_loss": [
    1.1587222993373871,
    1.0181654493014018,
    0.9386044402917226,
    0.8848556866248448,
    0.8402453521887462,
    0.8033923089504242,
    0.7896240482727687,
    0.7507667327920596,
    0.7206610505779584,
    0.7127966826160749,
    0.6975990469257037,
    0.6764261856675148,
    0.6626525789499282,
    0.6380651911099752,
    0.6299278353651364,
    0.6237399722139041,
    0.6203201889991761,
    0.6052676171064377,
    0.5949667240182559,
    0.5857854560017586,
    0.5927182659506798,
    0.5927549868822097,
    0.5885557209451994,
    0.5767974376678466,
    0.565352105597655,
    0.5638002480069796,
    0.5591805537541708,
    0.5678973644971848,
    0.5650568554798762,
    0.563822016119957,
    0.5566774542133014,
    0.5608671406904856,
    0.5515915537873904,
    0.563034924864769,
    0.558583668867747,
    0.5602990344166756,
    0.5547293896476427,
    0.5551940316955248,
    0.5619548191626866,
    0.5672012676795324,
    0.5618209555745125,
    0.5697466219464938,
    0.5681482727328936,
    0.550191288193067,
    0.5610732957720757,
    0.5590790495276451,
    0.5541239192088445,
    0.5641369163990021,
    0.5620193292697271,
    0.554258153339227
  ],
  "val_acc": [
    60.578947368421055,
    64.8157894736842,
    66.92105263157895,
    68.8157894736842,
    69.86842105263158,
    71.05263157894737,
    71.1842105263158,
    72.76315789473684,
    74.13157894736842,
    73.8157894736842,
    74.21052631578948,
    75.55263157894737,
    75.60526315789474,
    76.73684210526316,
    76.6842105263158,
    77.07894736842105,
    77.36842105263158,
    78.0,
    78.36842105263158,
    78.84210526315789,
    78.76315789473684,
    78.65789473684211,
    79.28947368421052,
    79.55263157894737,
    80.21052631578948,
    80.42105263157895,
    80.94736842105263,
    80.5,
    80.57894736842105,
    80.78947368421052,
    80.73684210526316,
    81.02631578947368,
    81.60526315789474,
    80.57894736842105,
    81.26315789473684,
    81.07894736842105,
    81.21052631578948,
    81.5,
    81.28947368421052,
    80.92105263157895,
    81.34210526315789,
    81.15789473684211,
    81.39473684210526,
    81.3157894736842,
    81.47368421052632,
    81.55263157894737,
    81.60526315789474,
    80.78947368421052,
    80.86842105263158,
    81.34210526315789
  ],
  "lr": [
    9.990133642141359e-05,
    9.96057350657239e-05,
    9.911436253643444e-05,
    9.842915805643155e-05,
    9.755282581475769e-05,
    9.648882429441257e-05,
    9.524135262330098e-05,
    9.381533400219317e-05,
    9.221639627510075e-05,
    9.045084971874735e-05,
    8.852566213878945e-05,
    8.644843137107056e-05,
    8.422735529643442e-05,
    8.187119948743447e-05,
    7.938926261462366e-05,
    7.679133974894982e-05,
    7.408768370508575e-05,
    7.128896457825361e-05,
    6.840622763423389e-05,
    6.545084971874736e-05,
    6.243449435824272e-05,
    5.9369065729286224e-05,
    5.626666167821521e-05,
    5.3139525976465657e-05,
    4.999999999999998e-05,
    4.6860474023534314e-05,
    4.3733338321784775e-05,
    4.063093427071375e-05,
    3.756550564175724e-05,
    3.454915028125263e-05,
    3.1593772365766105e-05,
    2.8711035421746357e-05,
    2.591231629491422e-05,
    2.3208660251050148e-05,
    2.061073738537634e-05,
    1.8128800512565503e-05,
    1.5772644703565555e-05,
    1.3551568628929426e-05,
    1.1474337861210536e-05,
    9.549150281252626e-06,
    7.783603724899252e-06,
    6.184665997806817e-06,
    4.75864737669903e-06,
    3.5111757055874303e-06,
    2.4471741852423216e-06,
    1.5708419435684504e-06,
    8.856374635655631e-07,
    3.942649342761114e-07,
    9.866357858642197e-08,
    0.0
  ]
}