{
  "train_loss": [
    1.1664659044296621,
    0.8963861379692023,
    0.8113333555005438,
    0.7468782413563282,
    0.6905500599377447,
    0.6459226145161142,
    0.6281300603056983,
    0.5829425331928747,
    0.5503762228776226,
    0.5203440435927549,
    0.48852287967213626,
    0.48019092240565114,
    0.455890951932763,
    0.41924121128998215,
    0.39080177740656213,
    0.37076137616908805,
    0.3579522267305594,
    0.3575826030519369,
    0.3368400147707342,
    0.3282242558038921,
    0.3030523257933075,
    0.29279272644211063,
    0.28558745093161253,
    0.264170363143408,
    0.26554498730374754,
    0.2799794511775747,
    0.246550790054335,
    0.24234246392901854,
    0.22095238335645026,
    0.22217990677776955,
    0.23004904170956114,
    0.21264026524405255,
    0.1969084152884835,
    0.20242757629603148,
    0.19954228166678398,
    0.20423089550714268,
    0.1885379945068694,
    0.17685845578022355,
    0.1872531886098625,
    0.17697959160097212,
    0.16801934255782863,
    0.17786109509120743,
    0.18645893011858566,
    0.17449268524488099,
    0.18593066554221746,
    0.1699859284521114,
    0.16814802089880268,
    0.1841635351745988,
    0.1778814911627941,
    0.1659555162350051
  ],
  "train_acc": [
    59.8499802605606,
    68.51277423721166,
    70.96046472280187,
    73.14872257627883,
    75.05498843832835,
    76.32959223958039,
    77.7959505950031,
    79.36382606733969,
    79.87141165190909,
    81.3039309683605,
    82.5277762111556,
    82.70261124584061,
    83.71778241497941,
    84.89650893914613,
    85.88912074897073,
    86.5320624894253,
    87.17500422987987,
    87.5472336585641,
    87.9871411651909,
    88.24657379730415,
    89.26174496644295,
    89.56065647735605,
    89.85956798826913,
    90.5476284473521,
    90.79578139980825,
    90.64350572443743,
    91.28644746489199,
    91.44436298009137,
    91.87863064688963,
    91.92938920534657,
    92.13242343917433,
    92.57797078562969,
    93.30551012351249,
    92.88252213637132,
    93.24347188539845,
    93.2942304438554,
    93.35626868196944,
    93.7792566691106,
    93.4916248378546,
    94.07252834019513,
    94.12328689865208,
    93.93153234448141,
    93.47470531836896,
    93.94281202413852,
    93.49726467768315,
    94.14584625796627,
    94.15148609779482,
    93.70029891151091,
    93.69465907168237,
    94.20788449608031
  ],
  "val_loss": [
    0.8406099071105321,
    0.745739521086216,
    0.6805058379968008,
    0.6280635610222817,
    0.6188515101869901,
    0.5925626541177432,
    0.5845467979709308,
    0.5661354035139083,
    0.5516278520226479,
    0.5354313470423222,
    0.5410668241480986,
    0.5674655710657438,
    0.565718870361646,
    0.5579715763529142,
    0.536098896463712,
    0.5130389995872975,
    0.5300752684473992,
    0.5484655323127906,
    0.5566418732206027,
    0.5375407611330351,
    0.5498259194195271,
    0.5592609812815984,
    0.5638236535092195,
    0.601902159055074,
    0.6108850580950578,
    0.6351965710520744,
    0.5789286178847154,
    0.5500294350087642,
    0.5586480878293514,
    0.548251818617185,
    0.5895304235319296,
    0.5911289828519026,
    0.5503956692914168,
    0.5485379621386528,
    0.5737055170039336,
    0.5720680211981137,
    0.5877544365823268,
    0.5507372851173084,
    0.5446570746600627,
    0.5841704820593198,
    0.5311210915446282,
    0.5830386204024156,
    0.5717077235380809,
    0.5727849668512742,
    0.5631765997658174,
    0.5697880427042643,
    0.5545748591423034,
    0.5947507380197445,
    0.6105092328041792,
    0.5757361787060896
  ],
  "val_acc": [
    70.13157894736842,
    72.47368421052632,
    75.0,
    77.44736842105263,
    77.28947368421052,
    78.97368421052632,
    78.89473684210526,
    80.36842105263158,
    80.92105263157895,
    81.44736842105263,
    81.52631578947368,
    81.89473684210526,
    81.42105263157895,
    82.05263157894737,
    82.8157894736842,
    83.78947368421052,
    83.52631578947368,
    84.1842105263158,
    83.71052631578948,
    84.52631578947368,
    83.57894736842105,
    84.15789473684211,
    84.57894736842105,
    84.84210526315789,
    83.86842105263158,
    84.02631578947368,
    85.02631578947368,
    85.57894736842105,
    85.07894736842105,
    85.94736842105263,
    85.52631578947368,
    85.71052631578948,
    85.8157894736842,
    85.55263157894737,
    86.05263157894737,
    86.39473684210526,
    85.73684210526316,
    86.60526315789474,
    86.23684210526316,
    85.89473684210526,
    86.28947368421052,
    86.15789473684211,
    86.28947368421052,
    86.55263157894737,
    86.21052631578948,
    86.3157894736842,
    86.55263157894737,
    85.94736842105263,
    86.52631578947368,
    86.57894736842105
  ],
  "lr": [
    9.990133642141359e-05,
    9.96057350657239e-05,
    9.911436253643444e-05,
    9.842915805643155e-05,
    9.755282581475769e-05,
    9.648882429441257e-05,
    9.524135262330098e-05,
    9.381533400219317e-05,
    9.221639627510075e-05,
    9.045084971874735e-05,
    8.852566213878945e-05,
    8.644843137107056e-05,
    8.422735529643442e-05,
    8.187119948743447e-05,
    7.938926261462366e-05,
    7.679133974894982e-05,
    7.408768370508575e-05,
    7.128896457825361e-05,
    6.840622763423389e-05,
    6.545084971874736e-05,
    6.243449435824272e-05,
    5.9369065729286224e-05,
    5.626666167821521e-05,
    5.3139525976465657e-05,
    4.999999999999998e-05,
    4.6860474023534314e-05,
    4.3733338321784775e-05,
    4.063093427071375e-05,
    3.756550564175724e-05,
    3.454915028125263e-05,
    3.1593772365766105e-05,
    2.8711035421746357e-05,
    2.591231629491422e-05,
    2.3208660251050148e-05,
    2.061073738537634e-05,
    1.8128800512565503e-05,
    1.5772644703565555e-05,
    1.3551568628929426e-05,
    1.1474337861210536e-05,
    9.549150281252626e-06,
    7.783603724899252e-06,
    6.184665997806817e-06,
    4.75864737669903e-06,
    3.5111757055874303e-06,
    2.4471741852423216e-06,
    1.5708419435684504e-06,
    8.856374635655631e-07,
    3.942649342761114e-07,
    9.866357858642197e-08,
    0.0
  ]
}