{
  "train_loss": [
    0.3772129781527917,
    0.20418026237225884,
    0.15869657928633174,
    0.13448981344491126,
    0.11275304691834136,
    0.09961845989315339,
    0.0912903879124959,
    0.07551297088900645,
    0.07559212643949972,
    0.06683256671988047,
    0.06150222546435841,
    0.05570124717173752,
    0.05238482660709241,
    0.04929987703206481,
    0.043423394590372956,
    0.04232171465307091,
    0.03774104445547552,
    0.03646269601400549,
    0.03391785700467151,
    0.028089303613429557,
    0.026517163401074937,
    0.025904693252969797,
    0.02391071153474964,
    0.021935667761373297,
    0.01875582924655631,
    0.017281793611762044,
    0.01598938502666975,
    0.01367361354919356,
    0.014049914516524875,
    0.01137669035772273,
    0.01019029664105338,
    0.009904864653060026,
    0.00836113475133816,
    0.0075719971828669625,
    0.00704689057537023,
    0.006863009632121115,
    0.0046990328835958,
    0.00476244869168493,
    0.005300117138112926,
    0.004354303750777635,
    0.003399981868003788,
    0.003912014481058961
  ],
  "train_acc": [
    0.6842321192505812,
    0.8027533391074441,
    0.8322013037334184,
    0.855632037197429,
    0.8727720289921138,
    0.884897661485162,
    0.8909604777316862,
    0.9094224369786206,
    0.9092400966403793,
    0.9168072206773944,
    0.9223686009937548,
    0.9322149792587865,
    0.9355426904316908,
    0.9382322104207503,
    0.9434744951451884,
    0.9465286958107307,
    0.950813693759402,
    0.9483976842777043,
    0.9531385330719788,
    0.9578793818662533,
    0.9627114008296486,
    0.9632128367598122,
    0.9656288462415098,
    0.9674066645393627,
    0.9695947485982587,
    0.9718740028262752,
    0.9726945343483612,
    0.9766148516205497,
    0.9764325112823085,
    0.979805807539773,
    0.981446870583945,
    0.9805351688927383,
    0.9833158590509186,
    0.9838172949810822,
    0.9853671878561334,
    0.9860053790399781,
    0.9876920271687104,
    0.9886948990290377,
    0.9872817614076674,
    0.9889684095363996,
    0.9911564935952957,
    0.9910653234261749
  ],
  "val_metrics": [
    {
      "loss": 0.35437447703503944,
      "accuracy": 0.5777595404185474,
      "balanced_accuracy": 0.6772530020226782,
      "f1_weighted": 0.6005235215794573,
      "f1_macro": 0.529601496798128,
      "auc_macro": 0.0
    },
    {
      "loss": 0.37036907401951874,
      "accuracy": 0.6085350841198195,
      "balanced_accuracy": 0.668709974170586,
      "f1_weighted": 0.6345139862330361,
      "f1_macro": 0.5616822037213418,
      "auc_macro": 0.0
    },
    {
      "loss": 0.2906459207078079,
      "accuracy": 0.6450553959786622,
      "balanced_accuracy": 0.6800983317083008,
      "f1_weighted": 0.6589098002835276,
      "f1_macro": 0.5769506156928216,
      "auc_macro": 0.0
    },
    {
      "loss": 0.2704402474904215,
      "accuracy": 0.7152236356175625,
      "balanced_accuracy": 0.7233135073362561,
      "f1_weighted": 0.7286705610473496,
      "f1_macro": 0.6418562056747394,
      "auc_macro": 0.0
    },
    {
      "loss": 0.2798853009552151,
      "accuracy": 0.6889618383258104,
      "balanced_accuracy": 0.7373800565992321,
      "f1_weighted": 0.7001472598634917,
      "f1_macro": 0.6167667341578057,
      "auc_macro": 0.0
    },
    {
      "loss": 0.3589255463380318,
      "accuracy": 0.5592942141977841,
      "balanced_accuracy": 0.6679989680053862,
      "f1_weighted": 0.5684446824188921,
      "f1_macro": 0.5813016579009634,
      "auc_macro": 0.0
    },
    {
      "loss": 0.3093676854457174,
      "accuracy": 0.616741895773492,
      "balanced_accuracy": 0.6837484036644372,
      "f1_weighted": 0.62530575468153,
      "f1_macro": 0.60251408283117,
      "auc_macro": 0.0
    },
    {
      "loss": 0.2742143449942013,
      "accuracy": 0.654082888797702,
      "balanced_accuracy": 0.692791027921583,
      "f1_weighted": 0.6656487894371372,
      "f1_macro": 0.6403124023783335,
      "auc_macro": 0.0
    },
    {
      "loss": 0.31701190730968076,
      "accuracy": 0.6791136643414034,
      "balanced_accuracy": 0.7146995210848646,
      "f1_weighted": 0.6995190024883499,
      "f1_macro": 0.5485714543695053,
      "auc_macro": 0.0
    },
    {
      "loss": 0.2724652970572571,
      "accuracy": 0.6245383668444809,
      "balanced_accuracy": 0.6955899430766931,
      "f1_weighted": 0.6441880290740204,
      "f1_macro": 0.6379091305245703,
      "auc_macro": 0.0
    },
    {
      "loss": 0.2536673363443319,
      "accuracy": 0.7176856791136643,
      "balanced_accuracy": 0.7187806270750183,
      "f1_weighted": 0.7276906332710292,
      "f1_macro": 0.666977018049274,
      "auc_macro": 0.0
    },
    {
      "loss": 0.23330747268416666,
      "accuracy": 0.7414854329093147,
      "balanced_accuracy": 0.7400984161074446,
      "f1_weighted": 0.7491990982684334,
      "f1_macro": 0.7156632782284005,
      "auc_macro": 0.0
    },
    {
      "loss": 0.2874253930209519,
      "accuracy": 0.6594173163725893,
      "balanced_accuracy": 0.7241104860692615,
      "f1_weighted": 0.6762238137808377,
      "f1_macro": 0.6493002429728614,
      "auc_macro": 0.0
    },
    {
      "loss": 0.2394192259903852,
      "accuracy": 0.697168649979483,
      "balanced_accuracy": 0.7381890854130955,
      "f1_weighted": 0.7094591011076581,
      "f1_macro": 0.6897596124889291,
      "auc_macro": 0.0
    },
    {
      "loss": 0.22519365081249118,
      "accuracy": 0.7111202297907263,
      "balanced_accuracy": 0.755630511404759,
      "f1_weighted": 0.7216161195735324,
      "f1_macro": 0.696982246809922,
      "auc_macro": 0.0
    },
    {
      "loss": 0.22880230544062405,
      "accuracy": 0.7320475995075914,
      "balanced_accuracy": 0.7568453333346583,
      "f1_weighted": 0.7382244752049176,
      "f1_macro": 0.6904649822263391,
      "auc_macro": 0.0
    },
    {
      "loss": 0.24212352571065549,
      "accuracy": 0.7353303241690603,
      "balanced_accuracy": 0.7711246642328378,
      "f1_weighted": 0.7431735016205355,
      "f1_macro": 0.6950376230753786,
      "auc_macro": 0.0
    },
    {
      "loss": 0.25900782204487105,
      "accuracy": 0.703734099302421,
      "balanced_accuracy": 0.7484650789011759,
      "f1_weighted": 0.7161445178751898,
      "f1_macro": 0.7011214598396136,
      "auc_macro": 0.0
    },
    {
      "loss": 0.2822849414758868,
      "accuracy": 0.6286417726713172,
      "balanced_accuracy": 0.7252406037336491,
      "f1_weighted": 0.6472386564496007,
      "f1_macro": 0.6463518106326459,
      "auc_macro": 0.0
    },
    {
      "loss": 0.24912445883375484,
      "accuracy": 0.7082478457119409,
      "balanced_accuracy": 0.7539148895936891,
      "f1_weighted": 0.7142508777534163,
      "f1_macro": 0.7119915231329714,
      "auc_macro": 0.0
    },
    {
      "loss": 0.21312072807802007,
      "accuracy": 0.7784160853508412,
      "balanced_accuracy": 0.759014239889668,
      "f1_weighted": 0.7813292501022496,
      "f1_macro": 0.7416102830521905,
      "auc_macro": 0.0
    },
    {
      "loss": 0.21954009094118299,
      "accuracy": 0.7189167008617152,
      "balanced_accuracy": 0.7728343619501652,
      "f1_weighted": 0.7260678115186279,
      "f1_macro": 0.7088494079427037,
      "auc_macro": 0.0
    },
    {
      "loss": 0.20585044071852387,
      "accuracy": 0.6815757078375051,
      "balanced_accuracy": 0.7659982715544345,
      "f1_weighted": 0.6906141159066124,
      "f1_macro": 0.7313523359441835,
      "auc_macro": 0.0
    },
    {
      "loss": 0.20391914964496316,
      "accuracy": 0.7661058678703324,
      "balanced_accuracy": 0.7718886071567863,
      "f1_weighted": 0.7727863186965076,
      "f1_macro": 0.7345916709001893,
      "auc_macro": 0.0
    },
    {
      "loss": 0.2155704927667008,
      "accuracy": 0.7915469839967173,
      "balanced_accuracy": 0.7768660679719082,
      "f1_weighted": 0.7954505697694766,
      "f1_macro": 0.7631662701134676,